query,dataset,run_number,vanilla_time,listener_register_time,listener_bare_time,listener_nowrite_time,listener_full_time
1.sql,tpch,1,30.9,32.41,31.94,33.13,33.36
1.sql,tpch,2,31.61,32.87,33.6,32.99,32.42
1.sql,tpch,3,31.7,34.67,31.89,31.62,33.56
1.sql,tpch,4,31.75,32.95,32.38,32.71,33.96
1.sql,tpch,5,31.9,32.97,32.96,34.05,32.97
1.sql,tpch,6,31.6,32.36,33.44,32.36,33.6
1.sql,tpch,7,32.1,32.43,31.54,32.22,33.44
1.sql,tpch,8,31.2,32.34,32.98,33.52,32.35
1.sql,tpch,9,31.89,34.01,32.28,33.51,33.72
10.sql,tpch,1,21.01,24.99,23.75,24.78,23.19
10.sql,tpch,2,22.65,23.27,24.58,23.14,24.04
10.sql,tpch,3,20.64,23.79,23.57,23.02,22.08
10.sql,tpch,4,23.0,22.82,23.71,22.93,23.4
10.sql,tpch,5,21.23,25.35,26.16,23.46,22.69
10.sql,tpch,6,22.06,24.56,24.46,23.77,24.36
10.sql,tpch,7,23.23,25.1,24.28,24.47,23.48
10.sql,tpch,8,22.86,25.13,23.24,23.18,24.34
10.sql,tpch,9,22.7,22.88,24.53,22.59,23.14
11.sql,tpch,1,12.09,12.97,13.07,13.49,14.17
11.sql,tpch,2,12.05,13.27,13.55,13.55,14.05
11.sql,tpch,3,11.96,13.11,13.42,13.66,14.3
11.sql,tpch,4,12.52,13.38,13.86,13.29,14.31
11.sql,tpch,5,12.27,13.25,13.28,13.69,14.37
11.sql,tpch,6,12.05,13.14,13.77,13.47,14.2
11.sql,tpch,7,12.63,13.35,13.29,13.32,14.1
11.sql,tpch,8,12.45,13.97,13.39,13.53,14.1
11.sql,tpch,9,12.56,13.65,13.39,13.03,14.3
12.sql,tpch,1,19.3,20.36,20.27,18.56,22.0
12.sql,tpch,2,20.47,20.86,21.78,20.37,20.74
12.sql,tpch,3,18.87,21.64,21.33,18.52,20.75
12.sql,tpch,4,17.41,20.26,19.71,19.7,19.42
12.sql,tpch,5,18.85,20.57,20.02,20.68,22.25
12.sql,tpch,6,18.46,20.96,20.54,21.21,20.67
12.sql,tpch,7,19.6,21.4,21.44,20.05,19.88
12.sql,tpch,8,20.11,19.93,18.55,21.28,19.78
12.sql,tpch,9,19.74,21.8,20.99,18.84,21.64
13.sql,tpch,1,17.82,20.13,20.07,19.94,19.5
13.sql,tpch,2,17.82,19.67,21.44,20.39,19.45
13.sql,tpch,3,18.01,19.68,19.53,19.68,21.27
13.sql,tpch,4,18.04,20.12,20.58,21.01,19.56
13.sql,tpch,5,18.95,20.42,19.28,18.9,20.15
13.sql,tpch,6,19.31,20.44,19.81,19.69,20.11
13.sql,tpch,7,19.51,20.1,19.67,20.46,20.23
13.sql,tpch,8,18.32,20.19,20.54,19.75,19.86
13.sql,tpch,9,19.48,19.38,20.0,19.22,19.77
14.sql,tpch,1,15.67,16.72,16.51,16.22,16.49
14.sql,tpch,2,15.52,16.47,16.55,16.6,16.2
14.sql,tpch,3,15.17,16.6,15.96,16.01,16.22
14.sql,tpch,4,15.43,16.35,16.37,16.53,16.49
14.sql,tpch,5,15.58,16.18,21.17,17.29,16.45
14.sql,tpch,6,14.98,16.0,16.51,16.69,16.7
14.sql,tpch,7,16.28,17.02,16.21,16.94,16.68
14.sql,tpch,8,15.35,16.27,16.44,17.03,16.92
14.sql,tpch,9,15.68,17.14,16.82,16.73,16.08
15.sql,tpch,1,16.14,19.03,17.8,17.69,17.52
15.sql,tpch,2,16.92,18.78,18.08,17.96,18.08
15.sql,tpch,3,16.47,17.6,19.27,18.19,21.12
15.sql,tpch,4,16.78,19.12,18.92,17.32,18.68
15.sql,tpch,5,17.62,18.98,18.47,17.64,18.45
15.sql,tpch,6,16.7,18.16,19.02,19.27,17.7
15.sql,tpch,7,16.66,18.04,19.11,17.82,18.81
15.sql,tpch,8,16.8,19.32,17.74,18.98,19.82
15.sql,tpch,9,16.64,18.25,17.64,17.67,18.58
16.sql,tpch,1,17.26,19.55,18.79,19.53,19.23
16.sql,tpch,2,18.6,18.82,18.99,19.22,19.16
16.sql,tpch,3,17.45,18.67,19.54,19.73,18.73
16.sql,tpch,4,18.23,18.38,18.73,19.07,19.75
16.sql,tpch,5,17.43,18.76,18.42,19.49,19.24
16.sql,tpch,6,18.07,19.39,19.47,18.92,19.1
16.sql,tpch,7,18.4,19.25,18.55,18.76,19.08
16.sql,tpch,8,17.63,18.99,19.56,19.36,19.99
16.sql,tpch,9,17.85,19.2,18.92,19.21,19.21
17.sql,tpch,1,33.93,35.46,36.51,35.53,36.56
17.sql,tpch,2,34.56,35.09,35.23,36.87,36.12
17.sql,tpch,3,34.56,35.84,37.31,38.23,36.29
17.sql,tpch,4,33.85,37.01,34.57,35.67,37.85
17.sql,tpch,5,34.28,36.74,35.84,35.91,35.72
17.sql,tpch,6,36.03,36.12,36.33,36.19,35.85
17.sql,tpch,7,34.09,35.81,36.59,35.88,36.44
17.sql,tpch,8,34.4,35.2,35.24,35.68,36.1
17.sql,tpch,9,34.7,35.46,37.16,38.64,37.18
18.sql,tpch,1,36.54,36.06,35.45,34.9,36.83
18.sql,tpch,2,35.73,35.74,36.44,35.25,36.26
18.sql,tpch,3,36.06,35.83,36.48,35.88,38.3
18.sql,tpch,4,34.39,35.78,38.24,37.04,35.85
18.sql,tpch,5,35.4,38.66,36.79,35.86,37.07
18.sql,tpch,6,33.95,35.07,36.03,35.85,35.07
18.sql,tpch,7,35.82,37.67,35.71,37.04,36.14
18.sql,tpch,8,35.56,35.96,38.01,38.93,36.57
18.sql,tpch,9,34.04,35.51,36.8,36.93,35.95
19.sql,tpch,1,16.68,16.4,16.96,16.32,17.28
19.sql,tpch,2,15.37,16.42,16.59,17.22,16.31
19.sql,tpch,3,14.94,16.7,15.85,16.75,16.3
19.sql,tpch,4,14.79,16.73,16.79,16.54,17.2
19.sql,tpch,5,15.44,17.0,17.1,15.91,18.28
19.sql,tpch,6,15.22,18.71,17.09,16.64,16.25
19.sql,tpch,7,15.53,15.92,16.18,15.87,17.06
19.sql,tpch,8,15.08,16.76,17.1,16.44,17.06
19.sql,tpch,9,15.47,16.38,16.29,16.73,16.53
2.sql,tpch,1,17.61,17.7,19.14,18.63,18.31
2.sql,tpch,2,17.1,17.38,18.25,18.54,19.29
2.sql,tpch,3,16.25,18.86,18.56,18.89,19.36
2.sql,tpch,4,16.41,18.2,18.91,18.12,18.92
2.sql,tpch,5,16.65,18.57,18.89,19.23,18.56
2.sql,tpch,6,17.33,18.54,18.08,18.23,18.67
2.sql,tpch,7,16.39,19.24,18.12,18.18,18.2
2.sql,tpch,8,16.33,19.31,19.14,18.48,19.01
2.sql,tpch,9,17.13,18.14,18.59,18.57,19.04
20.sql,tpch,1,17.97,19.12,18.84,19.58,19.82
20.sql,tpch,2,17.01,19.21,19.81,19.48,18.6
20.sql,tpch,3,17.56,19.51,19.53,19.02,19.76
20.sql,tpch,4,17.87,20.08,18.77,19.65,19.83
20.sql,tpch,5,18.79,19.28,19.07,19.51,18.94
20.sql,tpch,6,17.83,18.75,19.62,19.28,19.4
20.sql,tpch,7,17.4,19.35,19.03,18.47,19.79
20.sql,tpch,8,17.78,20.26,19.92,19.86,20.08
20.sql,tpch,9,18.88,18.07,19.45,19.85,19.55
21.sql,tpch,1,33.7,36.0,35.84,36.72,37.61
21.sql,tpch,2,35.56,35.84,35.19,35.04,34.65
21.sql,tpch,3,36.36,36.89,35.82,37.08,37.86
21.sql,tpch,4,35.7,36.37,35.16,35.14,34.28
21.sql,tpch,5,33.67,37.1,35.46,36.49,35.88
21.sql,tpch,6,34.05,35.83,35.42,35.88,35.21
21.sql,tpch,7,33.01,35.3,36.45,34.45,36.18
21.sql,tpch,8,33.26,35.97,36.29,34.89,34.7
21.sql,tpch,9,33.39,35.16,35.48,35.08,35.46
22.sql,tpch,1,14.93,16.25,16.61,17.48,16.62
22.sql,tpch,2,16.66,16.92,16.16,17.04,17.68
22.sql,tpch,3,15.8,17.06,16.91,18.57,17.34
22.sql,tpch,4,15.68,16.49,17.43,17.64,17.42
22.sql,tpch,5,16.12,16.56,16.2,17.26,16.83
22.sql,tpch,6,15.01,16.97,17.23,16.84,18.05
22.sql,tpch,7,16.08,17.06,16.25,16.51,17.32
22.sql,tpch,8,16.51,17.28,17.8,16.64,17.53
22.sql,tpch,9,15.99,18.11,17.04,16.88,16.63
3.sql,tpch,1,22.54,25.11,24.51,22.48,24.34
3.sql,tpch,2,22.07,22.97,22.47,22.31,23.93
3.sql,tpch,3,22.0,22.08,22.96,25.85,25.99
3.sql,tpch,4,23.48,24.31,23.24,22.58,24.78
3.sql,tpch,5,21.65,24.7,24.25,26.04,25.33
3.sql,tpch,6,25.51,21.93,25.02,25.42,25.48
3.sql,tpch,7,21.25,24.12,23.61,23.48,24.14
3.sql,tpch,8,24.02,25.77,24.21,23.35,25.08
3.sql,tpch,9,24.31,24.83,25.09,25.78,24.9
4.sql,tpch,1,20.35,24.24,20.5,20.29,28.03
4.sql,tpch,2,18.72,20.87,24.93,20.87,29.86
4.sql,tpch,3,26.33,20.4,23.99,26.88,29.11
4.sql,tpch,4,24.16,21.05,29.47,25.46,26.73
4.sql,tpch,5,18.99,24.4,19.66,21.67,28.99
4.sql,tpch,6,27.53,28.08,24.35,20.87,27.37
4.sql,tpch,7,26.53,23.76,21.35,27.07,20.69
4.sql,tpch,8,20.32,20.45,21.94,20.69,27.25
4.sql,tpch,9,19.06,27.14,20.04,21.04,26.85
5.sql,tpch,1,27.54,30.27,33.87,33.36,27.43
5.sql,tpch,2,34.93,37.48,35.92,30.83,29.78
5.sql,tpch,3,34.93,35.95,35.06,35.64,28.81
5.sql,tpch,4,26.14,33.12,30.91,35.74,33.72
5.sql,tpch,5,32.48,29.92,29.77,27.01,35.19
5.sql,tpch,6,31.55,29.45,28.81,34.87,35.82
5.sql,tpch,7,31.61,31.29,30.05,35.51,35.63
5.sql,tpch,8,33.78,36.07,28.74,35.03,33.29
5.sql,tpch,9,30.17,34.85,26.47,34.6,31.13
6.sql,tpch,1,11.27,12.63,12.68,13.02,13.15
6.sql,tpch,2,11.9,12.77,13.02,12.79,13.01
6.sql,tpch,3,11.59,12.81,12.68,12.91,12.97
6.sql,tpch,4,11.33,13.04,12.77,13.06,12.94
6.sql,tpch,5,11.52,12.76,12.7,12.88,12.85
6.sql,tpch,6,11.9,13.05,12.48,12.97,12.96
6.sql,tpch,7,11.94,12.94,12.55,12.77,12.88
6.sql,tpch,8,11.31,12.56,12.21,12.94,13.08
6.sql,tpch,9,12.03,12.51,12.95,13.0,12.95
7.sql,tpch,1,32.72,28.59,31.29,30.62,31.61
7.sql,tpch,2,28.73,28.14,31.34,31.2,30.2
7.sql,tpch,3,27.36,30.61,33.69,28.22,33.87
7.sql,tpch,4,32.73,28.47,29.28,29.29,33.97
7.sql,tpch,5,30.89,31.4,28.34,33.68,28.43
7.sql,tpch,6,32.01,27.67,32.37,28.61,31.45
7.sql,tpch,7,30.99,28.25,30.92,28.8,28.39
7.sql,tpch,8,29.06,28.86,31.62,29.12,28.9
7.sql,tpch,9,29.93,30.57,28.29,35.24,30.18
8.sql,tpch,1,25.39,27.17,25.1,25.13,26.37
8.sql,tpch,2,25.03,27.12,28.12,26.33,26.06
8.sql,tpch,3,24.8,27.14,26.31,26.17,25.37
8.sql,tpch,4,26.99,26.62,27.11,25.86,26.52
8.sql,tpch,5,25.2,25.35,25.58,25.32,25.93
8.sql,tpch,6,24.83,28.57,26.87,27.76,28.21
8.sql,tpch,7,24.77,27.85,25.16,26.37,25.7
8.sql,tpch,8,24.84,27.07,25.95,28.13,26.56
8.sql,tpch,9,24.54,28.21,26.41,25.9,26.54
9.sql,tpch,1,32.22,32.6,34.02,32.29,33.61
9.sql,tpch,2,31.94,34.95,32.26,35.83,33.56
9.sql,tpch,3,33.58,34.87,33.29,36.11,32.8
9.sql,tpch,4,34.11,33.77,32.62,32.29,35.12
9.sql,tpch,5,33.75,32.28,34.62,32.54,35.85
9.sql,tpch,6,34.27,31.48,34.75,32.78,32.29
9.sql,tpch,7,34.88,33.2,40.22,32.39,34.69
9.sql,tpch,8,30.68,33.23,34.7,35.06,35.02
9.sql,tpch,9,33.92,34.23,33.27,33.98,34.19
query1.sql,tpcds,1,15.68,17.38,17.44,17.52,17.16
query1.sql,tpcds,2,15.71,17.15,17.39,17.31,17.51
query1.sql,tpcds,3,16.32,16.97,17.24,17.69,17.8
query1.sql,tpcds,4,16.11,16.41,17.13,17.13,17.35
query1.sql,tpcds,5,16.13,16.54,17.07,16.8,16.99
query1.sql,tpcds,6,16.04,17.75,17.08,17.57,17.07
query1.sql,tpcds,7,15.65,16.63,17.47,17.53,17.4
query1.sql,tpcds,8,15.73,16.86,16.81,16.94,17.39
query1.sql,tpcds,9,16.35,17.73,16.88,16.59,17.38
query10.sql,tpcds,1,16.77,18.13,17.62,18.39,18.02
query10.sql,tpcds,2,17.46,18.43,19.0,18.18,17.93
query10.sql,tpcds,3,17.04,18.74,18.48,18.48,18.47
query10.sql,tpcds,4,16.96,18.09,18.06,18.56,18.78
query10.sql,tpcds,5,17.14,18.02,19.55,17.95,18.18
query10.sql,tpcds,6,16.96,18.07,20.38,18.56,18.72
query10.sql,tpcds,7,16.89,17.99,18.73,18.92,18.99
query10.sql,tpcds,8,17.88,18.25,18.39,19.16,18.86
query10.sql,tpcds,9,17.86,18.53,18.72,18.77,19.61
query11.sql,tpcds,1,28.7,29.71,30.05,29.7,30.02
query11.sql,tpcds,2,28.87,32.23,31.46,31.88,29.63
query11.sql,tpcds,3,28.88,31.86,30.21,30.4,30.96
query11.sql,tpcds,4,29.29,32.13,30.37,30.61,32.21
query11.sql,tpcds,5,29.15,31.12,31.22,30.19,30.5
query11.sql,tpcds,6,29.24,30.66,32.26,30.8,31.52
query11.sql,tpcds,7,30.72,30.47,30.19,29.67,30.82
query11.sql,tpcds,8,29.92,30.16,31.21,28.97,29.78
query11.sql,tpcds,9,28.87,29.5,32.42,30.69,32.06
query12.sql,tpcds,1,14.04,15.22,15.61,15.18,15.78
query12.sql,tpcds,2,13.92,15.55,14.79,15.36,15.54
query12.sql,tpcds,3,13.72,15.39,15.42,15.0,15.78
query12.sql,tpcds,4,14.44,15.14,14.94,15.24,15.32
query12.sql,tpcds,5,14.31,15.2,15.67,15.22,15.22
query12.sql,tpcds,6,14.5,14.97,14.95,14.92,15.73
query12.sql,tpcds,7,14.24,14.95,15.13,15.8,15.3
query12.sql,tpcds,8,14.3,15.35,15.51,15.41,15.35
query12.sql,tpcds,9,14.48,15.37,15.19,14.85,15.34
query13.sql,tpcds,1,14.54,15.22,15.63,15.76,15.77
query13.sql,tpcds,2,14.28,15.11,15.28,14.75,17.01
query13.sql,tpcds,3,13.36,15.63,15.08,15.27,15.57
query13.sql,tpcds,4,15.05,15.48,14.22,14.54,15.67
query13.sql,tpcds,5,14.7,15.54,15.94,15.56,16.06
query13.sql,tpcds,6,13.92,15.6,15.99,15.64,16.17
query13.sql,tpcds,7,14.43,15.36,15.42,15.59,16.01
query13.sql,tpcds,8,14.58,16.14,15.84,15.57,15.6
query13.sql,tpcds,9,14.69,15.47,16.33,15.93,16.19
query14.sql,tpcds,1,,9.48,9.36,9.34,9.03
query14.sql,tpcds,2,,9.23,9.3,9.05,9.58
query14.sql,tpcds,3,,9.55,9.52,9.28,9.3
query14.sql,tpcds,4,,9.73,9.39,9.28,9.36
query14.sql,tpcds,5,,9.5,9.61,9.46,9.54
query14.sql,tpcds,6,,9.76,9.03,9.55,9.18
query14.sql,tpcds,7,,9.14,9.61,9.23,9.26
query14.sql,tpcds,8,,9.44,9.35,9.18,9.6
query14.sql,tpcds,9,,9.6,9.66,9.33,9.33
query15.sql,tpcds,1,14.61,15.07,15.51,15.43,15.19
query15.sql,tpcds,2,14.33,15.86,15.78,15.0,15.51
query15.sql,tpcds,3,14.42,15.35,15.91,15.4,15.26
query15.sql,tpcds,4,14.46,15.26,15.24,15.08,14.83
query15.sql,tpcds,5,14.38,15.17,14.74,15.41,15.77
query15.sql,tpcds,6,13.84,15.49,15.28,15.29,15.69
query15.sql,tpcds,7,13.97,15.47,15.27,15.35,15.67
query15.sql,tpcds,8,14.93,15.34,14.94,14.94,15.42
query15.sql,tpcds,9,14.85,15.62,15.44,15.35,15.66
query16.sql,tpcds,1,16.32,18.26,18.47,17.44,17.53
query16.sql,tpcds,2,16.68,17.63,17.36,17.69,16.87
query16.sql,tpcds,3,16.7,17.25,17.42,17.71,17.15
query16.sql,tpcds,4,17.39,18.16,17.23,17.66,17.14
query16.sql,tpcds,5,16.59,16.82,17.9,17.06,17.95
query16.sql,tpcds,6,16.2,17.14,17.9,17.47,18.03
query16.sql,tpcds,7,16.64,17.3,17.51,17.1,17.6
query16.sql,tpcds,8,16.3,17.8,18.12,17.19,16.97
query16.sql,tpcds,9,16.39,17.62,17.75,17.7,17.41
query17.sql,tpcds,1,30.55,31.66,33.81,32.7,32.69
query17.sql,tpcds,2,31.07,32.33,32.74,33.0,33.25
query17.sql,tpcds,3,31.77,31.55,32.1,33.34,32.73
query17.sql,tpcds,4,30.5,32.68,31.92,34.05,31.93
query17.sql,tpcds,5,31.24,32.8,32.26,32.24,33.83
query17.sql,tpcds,6,30.52,30.95,32.89,32.87,32.66
query17.sql,tpcds,7,31.09,33.13,33.74,32.1,32.43
query17.sql,tpcds,8,30.51,32.39,33.56,31.45,32.99
query17.sql,tpcds,9,31.85,34.09,32.24,31.77,32.38
query18.sql,tpcds,1,15.17,17.08,16.51,16.66,16.35
query18.sql,tpcds,2,14.62,16.48,16.33,16.27,17.47
query18.sql,tpcds,3,15.68,16.89,17.7,16.96,16.53
query18.sql,tpcds,4,15.49,16.7,16.78,16.34,17.24
query18.sql,tpcds,5,14.79,16.26,16.58,16.72,16.28
query18.sql,tpcds,6,15.43,17.19,16.93,16.73,16.46
query18.sql,tpcds,7,15.22,16.41,16.89,16.45,16.59
query18.sql,tpcds,8,16.13,16.16,16.88,16.26,16.24
query18.sql,tpcds,9,15.25,16.96,16.64,16.48,16.76
query19.sql,tpcds,1,14.12,15.9,15.73,15.96,15.98
query19.sql,tpcds,2,14.83,15.74,16.54,15.69,16.12
query19.sql,tpcds,3,14.82,14.94,16.37,15.87,16.23
query19.sql,tpcds,4,14.87,15.09,15.18,16.05,15.82
query19.sql,tpcds,5,13.92,15.28,15.28,15.59,15.93
query19.sql,tpcds,6,14.47,15.42,16.13,15.59,15.72
query19.sql,tpcds,7,14.57,15.0,16.02,15.21,15.39
query19.sql,tpcds,8,14.61,15.66,15.72,15.41,16.42
query19.sql,tpcds,9,15.03,15.73,16.19,15.22,15.7
query2.sql,tpcds,1,14.06,15.76,15.69,15.86,15.87
query2.sql,tpcds,2,14.18,15.78,16.06,15.49,16.5
query2.sql,tpcds,3,14.69,16.39,15.84,16.6,16.51
query2.sql,tpcds,4,14.41,16.02,15.82,15.86,16.12
query2.sql,tpcds,5,14.36,16.27,15.49,16.24,16.22
query2.sql,tpcds,6,14.37,16.05,15.59,15.9,16.72
query2.sql,tpcds,7,14.32,15.39,15.87,15.81,16.15
query2.sql,tpcds,8,14.45,16.76,15.85,15.38,15.51
query2.sql,tpcds,9,14.54,15.19,16.23,15.96,15.93
query20.sql,tpcds,1,13.62,14.79,14.6,15.3,14.49
query20.sql,tpcds,2,13.28,15.05,15.05,15.02,14.79
query20.sql,tpcds,3,13.54,15.67,14.64,14.71,16.24
query20.sql,tpcds,4,13.28,14.63,14.81,14.6,14.95
query20.sql,tpcds,5,13.69,15.29,14.38,14.62,14.79
query20.sql,tpcds,6,13.06,14.63,14.45,15.0,15.33
query20.sql,tpcds,7,13.74,14.7,14.6,15.4,15.06
query20.sql,tpcds,8,13.54,14.58,15.11,14.75,14.31
query20.sql,tpcds,9,13.96,14.77,14.06,14.22,15.04
query21.sql,tpcds,1,13.58,13.95,14.48,14.39,15.23
query21.sql,tpcds,2,13.48,14.32,15.57,14.8,15.0
query21.sql,tpcds,3,13.61,15.21,14.77,14.85,15.0
query21.sql,tpcds,4,14.07,14.79,14.35,14.27,14.07
query21.sql,tpcds,5,13.09,14.71,15.05,14.22,14.7
query21.sql,tpcds,6,13.4,14.74,14.58,15.06,15.2
query21.sql,tpcds,7,13.26,14.55,14.9,15.06,15.15
query21.sql,tpcds,8,14.16,14.59,14.86,15.24,14.74
query21.sql,tpcds,9,14.02,14.53,14.84,14.59,14.97
query22.sql,tpcds,1,14.42,15.85,16.15,15.46,15.56
query22.sql,tpcds,2,14.44,15.46,15.57,15.25,15.77
query22.sql,tpcds,3,14.41,15.59,15.19,15.76,15.97
query22.sql,tpcds,4,14.08,15.29,15.55,15.28,15.62
query22.sql,tpcds,5,14.29,15.73,15.62,14.74,16.04
query22.sql,tpcds,6,14.16,15.82,15.09,15.54,15.75
query22.sql,tpcds,7,14.42,15.26,15.25,15.53,15.76
query22.sql,tpcds,8,14.7,15.41,15.62,15.02,16.24
query22.sql,tpcds,9,14.1,15.61,15.17,15.5,15.45
query23.sql,tpcds,1,,9.34,9.13,9.56,9.23
query23.sql,tpcds,2,,9.45,9.17,9.66,9.09
query23.sql,tpcds,3,,9.31,9.67,9.37,9.46
query23.sql,tpcds,4,,9.08,9.32,9.59,9.4
query23.sql,tpcds,5,,9.46,9.45,10.08,9.11
query23.sql,tpcds,6,,9.33,9.41,9.51,9.3
query23.sql,tpcds,7,,9.67,9.9,9.62,9.46
query23.sql,tpcds,8,,9.61,9.06,9.38,9.29
query23.sql,tpcds,9,,9.61,9.55,9.53,9.38
query24.sql,tpcds,1,,9.35,9.36,9.22,9.1
query24.sql,tpcds,2,,9.21,9.18,9.22,9.07
query24.sql,tpcds,3,,9.65,9.52,9.59,9.7
query24.sql,tpcds,4,,9.51,9.35,9.39,9.39
query24.sql,tpcds,5,,9.13,9.24,9.22,9.2
query24.sql,tpcds,6,,9.32,9.79,9.07,9.45
query24.sql,tpcds,7,,9.27,9.54,9.34,9.29
query24.sql,tpcds,8,,9.45,9.19,9.17,9.35
query24.sql,tpcds,9,,9.43,9.29,9.27,9.51
query25.sql,tpcds,1,30.5,31.79,31.13,32.07,31.5
query25.sql,tpcds,2,32.64,33.92,32.23,32.73,31.48
query25.sql,tpcds,3,30.77,31.91,33.13,32.55,32.39
query25.sql,tpcds,4,31.08,34.1,31.28,31.6,32.55
query25.sql,tpcds,5,31.17,32.49,32.05,31.86,32.77
query25.sql,tpcds,6,31.38,32.17,31.88,32.6,32.13
query25.sql,tpcds,7,31.33,33.11,32.97,31.04,32.11
query25.sql,tpcds,8,31.66,32.28,31.37,32.28,33.19
query25.sql,tpcds,9,30.75,32.22,32.0,31.54,31.8
query26.sql,tpcds,1,13.92,14.66,14.95,15.71,15.43
query26.sql,tpcds,2,14.59,15.21,15.5,15.43,15.6
query26.sql,tpcds,3,14.3,15.7,15.45,15.5,16.14
query26.sql,tpcds,4,14.22,15.85,15.28,15.06,15.6
query26.sql,tpcds,5,14.08,15.52,14.94,15.71,15.67
query26.sql,tpcds,6,14.62,15.49,16.05,15.33,15.52
query26.sql,tpcds,7,14.65,15.12,15.09,15.12,15.44
query26.sql,tpcds,8,14.81,16.1,15.13,15.51,16.46
query26.sql,tpcds,9,14.16,15.38,14.66,15.48,15.58
query27.sql,tpcds,1,14.77,16.22,16.88,15.43,16.7
query27.sql,tpcds,2,15.61,16.14,16.46,16.29,16.22
query27.sql,tpcds,3,15.37,16.56,15.82,16.56,16.37
query27.sql,tpcds,4,15.11,16.53,16.94,16.14,16.39
query27.sql,tpcds,5,15.46,15.94,16.25,15.42,16.32
query27.sql,tpcds,6,14.91,16.17,16.12,16.12,16.69
query27.sql,tpcds,7,14.99,16.45,16.44,16.04,16.73
query27.sql,tpcds,8,15.43,16.17,16.59,16.35,16.11
query27.sql,tpcds,9,15.03,16.13,16.0,16.37,16.42
query28.sql,tpcds,1,22.23,22.88,21.03,21.7,22.18
query28.sql,tpcds,2,21.94,20.28,23.81,23.36,24.05
query28.sql,tpcds,3,22.19,23.13,23.95,24.36,23.85
query28.sql,tpcds,4,21.51,22.3,24.08,25.52,23.06
query28.sql,tpcds,5,20.75,22.57,20.34,24.63,23.62
query28.sql,tpcds,6,22.4,22.96,23.38,22.87,21.72
query28.sql,tpcds,7,22.4,21.76,21.33,22.24,25.18
query28.sql,tpcds,8,21.18,21.01,24.51,24.07,22.68
query28.sql,tpcds,9,23.98,22.66,22.72,23.48,22.14
query29.sql,tpcds,1,31.21,32.14,32.5,33.4,32.33
query29.sql,tpcds,2,30.35,32.02,31.62,31.6,32.86
query29.sql,tpcds,3,31.41,31.96,32.52,33.25,33.47
query29.sql,tpcds,4,29.93,32.28,32.23,31.88,33.67
query29.sql,tpcds,5,30.13,31.61,33.07,32.16,32.43
query29.sql,tpcds,6,30.58,31.44,32.75,32.05,33.95
query29.sql,tpcds,7,31.54,32.36,31.96,32.2,32.83
query29.sql,tpcds,8,30.96,33.23,31.87,32.88,33.1
query29.sql,tpcds,9,30.81,32.63,32.32,32.51,32.72
query3.sql,tpcds,1,12.71,14.19,14.14,13.8,14.22
query3.sql,tpcds,2,12.92,13.69,13.65,13.68,14.29
query3.sql,tpcds,3,13.18,13.48,14.21,14.07,14.5
query3.sql,tpcds,4,12.26,14.95,14.21,14.05,14.06
query3.sql,tpcds,5,13.07,14.3,13.74,13.91,13.79
query3.sql,tpcds,6,12.76,13.9,14.25,14.14,14.17
query3.sql,tpcds,7,12.84,13.4,14.02,13.95,14.12
query3.sql,tpcds,8,12.84,13.89,13.92,13.6,14.0
query3.sql,tpcds,9,12.77,13.95,14.36,13.7,14.39
query30.sql,tpcds,1,,9.56,9.4,9.32,9.49
query30.sql,tpcds,2,,9.34,9.46,9.57,9.31
query30.sql,tpcds,3,,9.49,9.66,9.75,9.33
query30.sql,tpcds,4,,9.68,9.66,9.27,9.73
query30.sql,tpcds,5,,9.64,9.6,9.56,9.29
query30.sql,tpcds,6,,9.39,9.79,9.14,9.26
query30.sql,tpcds,7,,9.69,9.53,9.59,9.59
query30.sql,tpcds,8,,9.49,9.71,9.38,9.46
query30.sql,tpcds,9,,9.42,9.65,9.66,9.31
query31.sql,tpcds,1,20.94,22.43,20.53,22.37,23.03
query31.sql,tpcds,2,19.73,22.06,19.82,21.63,21.55
query31.sql,tpcds,3,21.41,22.04,19.47,22.87,23.7
query31.sql,tpcds,4,21.62,24.04,22.06,21.91,20.68
query31.sql,tpcds,5,20.66,22.12,22.0,21.6,21.59
query31.sql,tpcds,6,20.91,22.77,22.78,23.14,24.29
query31.sql,tpcds,7,19.97,22.95,22.71,22.07,23.55
query31.sql,tpcds,8,21.48,21.17,21.78,20.63,22.48
query31.sql,tpcds,9,20.13,22.42,22.3,22.85,21.91
query32.sql,tpcds,1,13.64,14.98,15.78,15.45,14.83
query32.sql,tpcds,2,14.35,14.54,14.99,15.0,14.79
query32.sql,tpcds,3,13.98,14.46,14.82,14.66,15.22
query32.sql,tpcds,4,13.78,14.8,15.43,14.86,14.87
query32.sql,tpcds,5,13.59,15.23,14.68,15.25,15.31
query32.sql,tpcds,6,13.9,15.16,15.16,14.77,15.01
query32.sql,tpcds,7,13.91,15.42,15.01,15.89,15.05
query32.sql,tpcds,8,13.9,15.28,15.19,15.15,15.03
query32.sql,tpcds,9,13.87,15.27,14.95,15.24,15.04
query33.sql,tpcds,1,16.49,17.69,17.21,17.06,17.37
query33.sql,tpcds,2,16.06,17.64,17.17,17.21,17.1
query33.sql,tpcds,3,16.48,18.15,17.85,18.67,17.08
query33.sql,tpcds,4,16.71,17.58,17.84,17.15,17.28
query33.sql,tpcds,5,16.67,17.36,18.05,17.54,18.05
query33.sql,tpcds,6,17.18,19.34,18.14,16.97,18.17
query33.sql,tpcds,7,15.96,17.12,17.52,17.25,17.56
query33.sql,tpcds,8,16.17,17.02,17.37,18.16,17.57
query33.sql,tpcds,9,16.6,17.49,17.21,17.51,17.57
query34.sql,tpcds,1,13.85,15.32,15.17,15.11,15.89
query34.sql,tpcds,2,14.49,15.55,15.39,15.76,16.32
query34.sql,tpcds,3,14.02,15.41,16.1,15.9,15.31
query34.sql,tpcds,4,14.62,15.36,15.5,15.72,15.54
query34.sql,tpcds,5,14.35,15.78,15.49,15.24,15.76
query34.sql,tpcds,6,14.58,15.33,15.34,16.17,15.43
query34.sql,tpcds,7,13.46,16.57,15.35,15.72,16.55
query34.sql,tpcds,8,14.57,15.25,14.79,15.44,16.62
query34.sql,tpcds,9,14.02,15.29,15.39,15.31,15.18
query35.sql,tpcds,1,16.79,19.87,19.06,19.55,19.87
query35.sql,tpcds,2,18.46,18.21,19.15,19.69,18.91
query35.sql,tpcds,3,17.88,19.36,19.37,20.65,18.4
query35.sql,tpcds,4,17.98,19.67,19.39,19.43,19.72
query35.sql,tpcds,5,19.4,19.05,18.92,19.84,19.98
query35.sql,tpcds,6,18.48,19.17,18.88,20.11,19.76
query35.sql,tpcds,7,17.43,19.38,18.13,19.66,19.38
query35.sql,tpcds,8,17.64,18.89,19.0,19.15,19.31
query35.sql,tpcds,9,19.19,18.13,18.64,18.36,19.18
query36.sql,tpcds,1,13.88,15.64,15.55,15.76,15.72
query36.sql,tpcds,2,14.12,15.54,15.61,15.26,15.65
query36.sql,tpcds,3,14.52,15.17,15.35,15.86,15.39
query36.sql,tpcds,4,13.91,15.84,15.5,15.51,15.64
query36.sql,tpcds,5,14.14,15.89,15.32,15.34,15.44
query36.sql,tpcds,6,14.13,15.53,15.36,15.26,15.36
query36.sql,tpcds,7,14.15,15.34,15.76,15.65,15.71
query36.sql,tpcds,8,14.29,15.17,15.99,15.22,15.92
query36.sql,tpcds,9,14.44,15.75,15.72,15.48,15.99
query37.sql,tpcds,1,14.89,16.75,16.79,16.63,17.28
query37.sql,tpcds,2,15.44,16.35,16.2,16.87,15.89
query37.sql,tpcds,3,15.46,16.56,16.71,16.09,16.88
query37.sql,tpcds,4,15.33,16.78,16.91,16.27,16.33
query37.sql,tpcds,5,14.94,15.87,16.37,16.32,16.64
query37.sql,tpcds,6,15.26,16.87,16.57,16.27,16.25
query37.sql,tpcds,7,15.61,16.53,16.59,16.68,16.86
query37.sql,tpcds,8,14.93,16.35,16.07,16.76,16.87
query37.sql,tpcds,9,15.01,16.4,16.19,16.37,17.04
query38.sql,tpcds,1,21.93,21.99,21.89,21.34,21.99
query38.sql,tpcds,2,19.43,20.46,20.76,22.48,22.88
query38.sql,tpcds,3,20.75,21.1,20.73,21.61,21.46
query38.sql,tpcds,4,19.58,21.91,22.56,21.45,22.14
query38.sql,tpcds,5,20.55,22.23,22.12,21.56,22.13
query38.sql,tpcds,6,20.18,20.94,21.41,22.64,23.15
query38.sql,tpcds,7,21.05,20.68,22.96,20.67,21.34
query38.sql,tpcds,8,20.75,22.23,20.83,23.17,22.13
query38.sql,tpcds,9,20.4,21.43,21.08,20.88,22.06
query39.sql,tpcds,1,,9.42,9.18,9.58,9.4
query39.sql,tpcds,2,,9.17,9.39,9.47,9.36
query39.sql,tpcds,3,,9.31,9.55,9.36,9.21
query39.sql,tpcds,4,,9.85,9.46,9.48,9.57
query39.sql,tpcds,5,,9.43,9.45,9.38,9.29
query39.sql,tpcds,6,,9.4,9.32,9.37,9.4
query39.sql,tpcds,7,,9.1,9.3,9.28,9.56
query39.sql,tpcds,8,,9.13,9.5,9.32,9.02
query39.sql,tpcds,9,,8.84,9.16,9.95,9.54
query4.sql,tpcds,1,39.47,39.13,40.85,39.79,38.62
query4.sql,tpcds,2,39.0,41.03,41.3,40.02,39.23
query4.sql,tpcds,3,40.13,42.28,39.73,41.23,40.4
query4.sql,tpcds,4,39.8,40.08,40.96,39.57,44.65
query4.sql,tpcds,5,40.14,39.46,41.43,41.16,41.97
query4.sql,tpcds,6,40.7,40.42,39.07,39.92,40.42
query4.sql,tpcds,7,40.43,41.24,40.59,40.36,41.71
query4.sql,tpcds,8,40.47,42.84,40.59,42.51,44.26
query4.sql,tpcds,9,40.53,42.65,41.46,41.47,41.25
query40.sql,tpcds,1,18.99,22.35,21.22,21.44,22.44
query40.sql,tpcds,2,20.29,20.43,28.63,21.47,21.91
query40.sql,tpcds,3,22.43,22.53,20.59,21.22,22.24
query40.sql,tpcds,4,19.56,23.26,20.48,21.0,20.49
query40.sql,tpcds,5,20.26,20.87,21.09,20.97,21.72
query40.sql,tpcds,6,20.35,21.02,21.21,20.39,21.58
query40.sql,tpcds,7,19.73,21.89,21.26,21.48,21.5
query40.sql,tpcds,8,19.53,21.55,20.89,22.53,22.06
query40.sql,tpcds,9,20.54,21.77,22.02,21.1,21.75
query41.sql,tpcds,1,9.8,11.6,11.1,11.63,11.99
query41.sql,tpcds,2,10.09,11.57,11.81,11.5,12.11
query41.sql,tpcds,3,9.65,11.45,11.51,11.0,12.07
query41.sql,tpcds,4,10.0,11.94,11.16,11.26,12.49
query41.sql,tpcds,5,10.18,11.61,10.79,11.39,12.11
query41.sql,tpcds,6,10.6,11.32,11.37,11.15,12.25
query41.sql,tpcds,7,10.2,11.35,11.23,11.03,11.96
query41.sql,tpcds,8,10.28,11.74,10.95,10.83,12.2
query41.sql,tpcds,9,10.31,11.02,11.47,11.31,12.35
query42.sql,tpcds,1,12.24,13.75,13.79,13.31,13.61
query42.sql,tpcds,2,12.18,13.58,13.64,13.47,14.04
query42.sql,tpcds,3,12.42,14.04,14.1,14.24,13.54
query42.sql,tpcds,4,11.92,13.95,14.3,13.88,13.95
query42.sql,tpcds,5,12.53,13.82,13.62,14.16,13.9
query42.sql,tpcds,6,12.52,13.57,14.17,13.44,14.72
query42.sql,tpcds,7,12.8,13.8,13.59,13.16,14.19
query42.sql,tpcds,8,12.23,13.49,13.75,13.75,14.2
query42.sql,tpcds,9,12.9,13.57,13.64,13.84,14.08
query43.sql,tpcds,1,13.05,14.12,14.09,13.95,14.33
query43.sql,tpcds,2,13.1,14.56,13.95,14.16,14.11
query43.sql,tpcds,3,12.91,13.72,13.83,14.23,14.02
query43.sql,tpcds,4,12.56,13.84,14.15,14.63,14.16
query43.sql,tpcds,5,12.77,13.73,13.79,13.77,13.97
query43.sql,tpcds,6,12.76,14.48,13.96,13.71,14.23
query43.sql,tpcds,7,13.01,14.35,13.8,13.78,14.3
query43.sql,tpcds,8,13.34,14.06,13.91,14.51,14.2
query43.sql,tpcds,9,13.09,13.75,14.04,14.19,14.42
query44.sql,tpcds,1,15.24,16.39,15.3,15.76,16.02
query44.sql,tpcds,2,15.43,16.44,16.2,15.98,15.92
query44.sql,tpcds,3,15.33,15.47,16.22,15.61,15.58
query44.sql,tpcds,4,14.95,16.23,16.28,16.53,15.7
query44.sql,tpcds,5,14.7,16.26,16.17,15.81,16.34
query44.sql,tpcds,6,14.8,16.29,16.35,15.58,15.74
query44.sql,tpcds,7,14.98,16.03,15.78,16.14,16.01
query44.sql,tpcds,8,14.71,15.4,15.94,15.35,15.94
query44.sql,tpcds,9,15.31,16.21,15.94,16.12,16.34
query45.sql,tpcds,1,13.63,14.85,15.32,15.48,15.29
query45.sql,tpcds,2,13.22,15.38,14.29,14.97,15.13
query45.sql,tpcds,3,13.98,14.77,15.48,14.8,15.27
query45.sql,tpcds,4,13.57,14.88,15.29,14.9,15.24
query45.sql,tpcds,5,13.54,15.35,15.44,14.85,14.81
query45.sql,tpcds,6,13.49,14.0,15.47,15.09,14.73
query45.sql,tpcds,7,14.06,14.94,14.64,14.72,15.73
query45.sql,tpcds,8,13.77,14.44,14.76,14.84,15.3
query45.sql,tpcds,9,13.18,14.09,15.2,14.22,14.25
query46.sql,tpcds,1,14.8,15.9,16.73,15.98,15.9
query46.sql,tpcds,2,14.32,16.04,16.13,16.01,15.74
query46.sql,tpcds,3,14.32,15.85,15.97,15.86,15.69
query46.sql,tpcds,4,14.91,15.68,15.68,16.54,15.98
query46.sql,tpcds,5,14.91,15.69,16.14,15.83,16.17
query46.sql,tpcds,6,14.98,15.67,16.28,16.22,16.11
query46.sql,tpcds,7,14.86,15.55,15.86,15.36,15.77
query46.sql,tpcds,8,15.12,15.43,16.3,15.78,16.57
query46.sql,tpcds,9,14.63,16.47,15.86,15.94,16.53
query47.sql,tpcds,1,20.08,20.49,20.1,19.58,20.52
query47.sql,tpcds,2,18.91,22.14,20.97,19.88,20.17
query47.sql,tpcds,3,18.23,20.0,21.06,20.07,21.6
query47.sql,tpcds,4,18.0,21.14,19.97,21.78,20.57
query47.sql,tpcds,5,18.48,21.69,19.88,19.67,20.09
query47.sql,tpcds,6,19.76,20.43,19.49,19.97,20.77
query47.sql,tpcds,7,19.7,21.66,19.48,19.82,20.47
query47.sql,tpcds,8,20.02,20.15,20.92,21.78,19.9
query47.sql,tpcds,9,19.57,19.4,20.18,19.86,21.33
query48.sql,tpcds,1,14.64,15.68,15.93,16.56,16.43
query48.sql,tpcds,2,15.71,15.51,16.52,15.91,15.47
query48.sql,tpcds,3,14.52,15.33,15.65,14.77,16.13
query48.sql,tpcds,4,15.2,15.52,16.68,15.82,16.36
query48.sql,tpcds,5,15.58,15.65,16.06,15.47,15.52
query48.sql,tpcds,6,14.12,16.06,15.84,15.55,16.33
query48.sql,tpcds,7,14.99,15.62,15.92,15.52,15.41
query48.sql,tpcds,8,14.7,16.21,16.0,16.67,16.02
query48.sql,tpcds,9,15.05,16.28,15.69,16.35,16.65
query49.sql,tpcds,1,22.31,23.83,22.55,24.04,22.52
query49.sql,tpcds,2,20.67,22.97,23.78,22.54,22.13
query49.sql,tpcds,3,21.75,23.58,22.8,23.28,23.15
query49.sql,tpcds,4,20.68,23.45,24.55,21.95,23.26
query49.sql,tpcds,5,21.06,22.51,22.89,22.91,23.28
query49.sql,tpcds,6,22.0,22.25,22.53,22.98,22.25
query49.sql,tpcds,7,22.2,22.8,23.51,23.29,22.53
query49.sql,tpcds,8,23.82,22.43,22.62,21.49,23.3
query49.sql,tpcds,9,22.49,22.61,23.29,23.65,21.76
query5.sql,tpcds,1,19.72,21.18,21.0,20.97,21.78
query5.sql,tpcds,2,20.19,21.24,20.82,21.57,22.45
query5.sql,tpcds,3,19.64,22.23,22.1,22.64,21.55
query5.sql,tpcds,4,19.37,20.74,21.53,22.23,21.77
query5.sql,tpcds,5,20.3,20.86,21.57,21.69,20.95
query5.sql,tpcds,6,20.41,21.82,21.06,21.64,21.59
query5.sql,tpcds,7,20.95,20.83,22.49,21.44,21.06
query5.sql,tpcds,8,19.88,21.87,22.2,20.89,23.05
query5.sql,tpcds,9,20.38,20.37,20.9,22.01,21.47
query50.sql,tpcds,1,21.42,23.31,23.91,22.93,22.72
query50.sql,tpcds,2,21.61,23.95,23.19,23.61,23.59
query50.sql,tpcds,3,23.54,23.23,22.93,23.31,25.4
query50.sql,tpcds,4,25.81,27.74,25.08,22.3,24.23
query50.sql,tpcds,5,22.47,23.46,22.69,22.95,23.41
query50.sql,tpcds,6,24.2,23.37,26.2,23.04,23.83
query50.sql,tpcds,7,23.64,23.91,23.03,23.34,22.86
query50.sql,tpcds,8,24.53,24.38,23.21,23.25,22.35
query50.sql,tpcds,9,24.28,25.01,22.82,22.68,23.43
query51.sql,tpcds,1,25.14,26.94,25.9,26.33,26.61
query51.sql,tpcds,2,25.61,27.57,26.89,26.47,25.81
query51.sql,tpcds,3,24.46,24.95,26.8,27.12,26.53
query51.sql,tpcds,4,24.62,27.34,27.23,27.6,27.28
query51.sql,tpcds,5,25.42,26.91,26.45,25.06,25.59
query51.sql,tpcds,6,26.39,27.2,25.98,26.82,26.92
query51.sql,tpcds,7,25.63,26.1,25.04,26.99,26.49
query51.sql,tpcds,8,24.49,26.86,25.82,26.23,27.45
query51.sql,tpcds,9,24.17,25.89,26.26,26.96,26.54
query52.sql,tpcds,1,12.89,14.38,14.25,14.39,14.77
query52.sql,tpcds,2,13.02,13.62,14.18,14.2,14.6
query52.sql,tpcds,3,12.9,14.15,14.14,14.06,14.27
query52.sql,tpcds,4,12.87,14.11,13.82,13.87,14.34
query52.sql,tpcds,5,13.15,13.99,13.7,14.02,14.38
query52.sql,tpcds,6,13.29,14.08,14.49,14.36,14.44
query52.sql,tpcds,7,13.15,14.42,14.47,14.07,14.62
query52.sql,tpcds,8,12.57,14.2,14.26,13.65,14.74
query52.sql,tpcds,9,13.0,14.07,14.06,14.03,14.01
query53.sql,tpcds,1,14.2,15.33,15.48,15.26,15.3
query53.sql,tpcds,2,14.49,14.82,15.5,15.74,15.5
query53.sql,tpcds,3,13.69,15.51,14.8,15.77,15.63
query53.sql,tpcds,4,13.83,15.13,15.28,15.56,15.25
query53.sql,tpcds,5,13.92,15.14,15.02,15.31,15.54
query53.sql,tpcds,6,13.61,15.49,15.51,15.09,15.34
query53.sql,tpcds,7,13.72,15.56,15.02,15.0,15.76
query53.sql,tpcds,8,13.77,15.65,15.33,14.93,15.06
query53.sql,tpcds,9,13.96,14.95,15.34,15.13,15.35
query54.sql,tpcds,1,17.92,19.19,19.28,19.4,19.54
query54.sql,tpcds,2,18.12,19.17,18.94,19.33,20.14
query54.sql,tpcds,3,18.54,19.57,19.06,19.74,19.63
query54.sql,tpcds,4,18.72,19.46,19.58,19.02,18.85
query54.sql,tpcds,5,18.36,18.96,19.9,19.65,19.28
query54.sql,tpcds,6,18.33,18.75,19.17,20.19,18.93
query54.sql,tpcds,7,17.87,19.3,19.1,19.81,19.64
query54.sql,tpcds,8,18.7,19.86,18.69,19.0,19.83
query54.sql,tpcds,9,17.95,19.3,19.69,20.85,19.54
query55.sql,tpcds,1,13.82,14.76,14.62,14.63,14.42
query55.sql,tpcds,2,13.68,15.03,14.49,14.88,15.06
query55.sql,tpcds,3,12.9,15.14,14.47,14.78,15.89
query55.sql,tpcds,4,13.2,14.48,14.67,14.5,15.42
query55.sql,tpcds,5,13.69,15.11,14.7,14.89,14.93
query55.sql,tpcds,6,13.71,15.25,14.54,14.35,16.43
query55.sql,tpcds,7,13.29,14.54,14.8,14.13,15.09
query55.sql,tpcds,8,13.01,14.57,14.9,14.54,14.79
query55.sql,tpcds,9,14.43,14.67,14.72,14.79,15.48
query56.sql,tpcds,1,16.06,17.26,17.67,17.73,17.75
query56.sql,tpcds,2,15.11,17.66,17.15,16.66,17.67
query56.sql,tpcds,3,15.42,17.46,16.7,16.75,17.57
query56.sql,tpcds,4,15.81,17.04,17.41,16.67,17.3
query56.sql,tpcds,5,16.58,16.56,17.15,17.63,17.71
query56.sql,tpcds,6,16.33,17.03,17.54,17.76,18.24
query56.sql,tpcds,7,15.98,17.02,16.46,17.16,16.79
query56.sql,tpcds,8,16.13,17.57,17.93,17.96,17.47
query56.sql,tpcds,9,16.14,17.44,17.12,17.57,16.41
query57.sql,tpcds,1,14.16,16.81,15.64,16.28,16.17
query57.sql,tpcds,2,14.58,16.66,16.76,16.59,17.21
query57.sql,tpcds,3,14.92,16.12,15.72,15.85,16.48
query57.sql,tpcds,4,15.16,16.4,16.91,15.79,17.48
query57.sql,tpcds,5,14.74,15.63,16.24,16.37,15.66
query57.sql,tpcds,6,15.16,15.99,15.78,16.99,16.96
query57.sql,tpcds,7,15.05,16.88,16.03,16.29,16.36
query57.sql,tpcds,8,14.93,16.68,16.69,16.92,15.94
query57.sql,tpcds,9,14.69,16.47,16.57,15.84,16.13
query58.sql,tpcds,1,18.29,18.62,18.53,17.76,18.44
query58.sql,tpcds,2,15.91,18.17,18.81,17.96,19.46
query58.sql,tpcds,3,18.01,18.63,17.44,17.73,18.18
query58.sql,tpcds,4,17.61,17.71,19.57,17.92,17.8
query58.sql,tpcds,5,16.71,17.94,19.14,18.0,18.25
query58.sql,tpcds,6,16.95,17.46,17.82,17.95,18.3
query58.sql,tpcds,7,16.0,17.14,17.48,18.65,18.34
query58.sql,tpcds,8,17.98,17.94,18.27,19.4,17.87
query58.sql,tpcds,9,16.0,17.36,19.1,17.25,19.69
query59.sql,tpcds,1,15.42,16.77,17.01,16.95,17.62
query59.sql,tpcds,2,15.2,17.15,16.88,16.83,17.05
query59.sql,tpcds,3,15.99,16.96,17.21,17.15,17.36
query59.sql,tpcds,4,15.26,17.45,17.76,16.82,17.3
query59.sql,tpcds,5,15.98,17.03,16.71,17.0,18.08
query59.sql,tpcds,6,16.31,17.31,17.45,17.14,17.31
query59.sql,tpcds,7,15.85,16.17,17.45,16.75,17.76
query59.sql,tpcds,8,15.58,17.21,18.25,17.07,17.18
query59.sql,tpcds,9,15.71,17.48,17.83,17.07,17.67
query6.sql,tpcds,1,21.3,21.82,24.16,24.28,19.84
query6.sql,tpcds,2,21.23,24.04,22.35,19.73,23.59
query6.sql,tpcds,3,22.92,24.74,20.76,21.04,21.77
query6.sql,tpcds,4,23.18,22.4,21.63,22.45,25.42
query6.sql,tpcds,5,19.54,23.63,20.71,22.81,21.54
query6.sql,tpcds,6,21.57,20.72,22.07,20.59,23.81
query6.sql,tpcds,7,25.22,21.91,20.12,24.58,22.03
query6.sql,tpcds,8,22.46,24.64,24.73,21.88,21.55
query6.sql,tpcds,9,20.01,23.88,19.94,21.88,22.29
query60.sql,tpcds,1,16.75,17.14,17.69,17.96,17.89
query60.sql,tpcds,2,16.81,17.21,17.95,17.45,18.55
query60.sql,tpcds,3,16.22,19.35,18.89,17.51,18.37
query60.sql,tpcds,4,16.38,17.31,18.14,18.64,18.19
query60.sql,tpcds,5,16.79,18.03,17.54,16.9,18.26
query60.sql,tpcds,6,16.13,16.71,17.95,17.16,18.02
query60.sql,tpcds,7,15.57,16.95,17.52,18.36,16.99
query60.sql,tpcds,8,16.67,17.86,17.52,17.45,18.07
query60.sql,tpcds,9,16.13,17.03,19.25,16.96,18.38
query61.sql,tpcds,1,10.07,11.75,11.88,11.67,12.24
query61.sql,tpcds,2,10.56,11.73,11.89,11.39,11.99
query61.sql,tpcds,3,10.61,11.6,11.6,11.82,11.7
query61.sql,tpcds,4,10.32,11.71,11.29,11.64,12.03
query61.sql,tpcds,5,10.63,11.64,11.49,11.5,11.84
query61.sql,tpcds,6,10.74,12.04,11.39,12.08,12.07
query61.sql,tpcds,7,10.93,11.87,11.7,11.65,12.4
query61.sql,tpcds,8,9.99,11.29,11.9,11.62,12.12
query61.sql,tpcds,9,10.29,11.81,11.4,11.74,11.9
query62.sql,tpcds,1,13.8,14.73,14.88,14.93,14.69
query62.sql,tpcds,2,13.74,14.77,15.11,15.51,15.16
query62.sql,tpcds,3,13.96,15.09,15.51,15.36,14.69
query62.sql,tpcds,4,14.0,14.79,14.99,15.19,15.15
query62.sql,tpcds,5,13.68,15.17,14.28,15.41,15.45
query62.sql,tpcds,6,14.07,14.73,14.52,14.51,14.73
query62.sql,tpcds,7,13.58,14.92,14.98,15.15,15.7
query62.sql,tpcds,8,14.14,14.76,15.38,14.94,14.91
query62.sql,tpcds,9,13.79,15.45,15.26,14.7,15.3
query63.sql,tpcds,1,13.36,15.03,15.06,14.87,15.15
query63.sql,tpcds,2,13.45,15.3,14.86,15.36,15.09
query63.sql,tpcds,3,14.6,15.0,15.57,14.82,14.96
query63.sql,tpcds,4,15.45,15.38,15.08,14.87,15.12
query63.sql,tpcds,5,14.25,15.7,15.28,15.13,15.28
query63.sql,tpcds,6,14.03,14.66,15.33,14.99,15.6
query63.sql,tpcds,7,14.11,15.16,14.92,14.9,15.08
query63.sql,tpcds,8,14.33,15.53,15.21,15.46,14.75
query63.sql,tpcds,9,14.32,16.15,14.91,15.6,15.57
query64.sql,tpcds,1,38.72,40.06,42.04,38.43,39.27
query64.sql,tpcds,2,39.06,43.62,39.51,40.08,39.33
query64.sql,tpcds,3,38.94,40.71,39.03,41.64,41.0
query64.sql,tpcds,4,40.41,40.23,40.58,41.22,39.84
query64.sql,tpcds,5,39.22,39.89,39.01,41.29,41.22
query64.sql,tpcds,6,39.22,41.76,41.6,42.1,46.89
query64.sql,tpcds,7,40.61,39.96,40.49,41.12,39.42
query64.sql,tpcds,8,39.95,39.96,41.43,38.68,40.01
query64.sql,tpcds,9,37.82,42.83,41.07,43.74,43.37
query65.sql,tpcds,1,18.75,19.22,19.58,19.39,20.67
query65.sql,tpcds,2,19.65,19.51,19.69,19.87,19.22
query65.sql,tpcds,3,19.67,19.24,19.51,20.04,20.91
query65.sql,tpcds,4,18.74,20.16,20.11,19.95,20.48
query65.sql,tpcds,5,19.28,18.85,19.16,20.29,20.19
query65.sql,tpcds,6,19.14,20.07,19.0,20.45,19.75
query65.sql,tpcds,7,18.96,20.2,19.8,20.14,20.29
query65.sql,tpcds,8,19.25,19.17,19.93,19.79,20.58
query65.sql,tpcds,9,19.13,19.71,19.94,18.94,18.79
query66.sql,tpcds,1,16.22,17.17,17.0,17.05,17.87
query66.sql,tpcds,2,16.34,17.55,16.97,17.1,16.8
query66.sql,tpcds,3,15.87,17.0,17.39,16.98,18.55
query66.sql,tpcds,4,16.15,17.21,16.9,17.76,18.02
query66.sql,tpcds,5,16.75,16.98,17.81,17.62,18.38
query66.sql,tpcds,6,16.69,18.07,17.13,17.71,18.1
query66.sql,tpcds,7,16.26,17.74,17.06,18.48,18.01
query66.sql,tpcds,8,15.8,16.86,17.15,17.19,17.28
query66.sql,tpcds,9,16.88,16.59,17.35,17.07,17.8
query67.sql,tpcds,1,,9.66,9.31,9.13,9.08
query67.sql,tpcds,2,,9.24,9.22,9.33,9.21
query67.sql,tpcds,3,,9.09,9.3,9.54,9.34
query67.sql,tpcds,4,,9.46,9.33,9.17,9.08
query67.sql,tpcds,5,,9.11,9.09,9.51,9.02
query67.sql,tpcds,6,,8.93,9.25,9.34,9.28
query67.sql,tpcds,7,,9.57,9.18,9.31,9.2
query67.sql,tpcds,8,,9.53,9.51,9.3,9.36
query67.sql,tpcds,9,,9.19,9.55,9.13,9.21
query68.sql,tpcds,1,14.71,15.59,16.16,15.58,16.45
query68.sql,tpcds,2,14.76,15.89,16.0,15.7,15.95
query68.sql,tpcds,3,14.84,15.99,16.4,16.16,17.14
query68.sql,tpcds,4,14.91,16.44,15.86,16.17,16.17
query68.sql,tpcds,5,14.65,16.15,15.42,15.92,16.08
query68.sql,tpcds,6,14.19,16.54,15.61,15.61,16.19
query68.sql,tpcds,7,14.95,16.29,16.19,16.05,15.55
query68.sql,tpcds,8,14.15,16.0,16.02,16.2,16.71
query68.sql,tpcds,9,14.76,15.71,16.11,16.68,16.1
query69.sql,tpcds,1,11.71,12.86,13.01,12.37,13.59
query69.sql,tpcds,2,11.65,12.73,12.57,13.11,13.64
query69.sql,tpcds,3,11.83,12.74,12.76,12.88,13.84
query69.sql,tpcds,4,11.72,12.81,12.73,12.78,14.32
query69.sql,tpcds,5,11.52,12.76,12.24,12.66,13.64
query69.sql,tpcds,6,11.66,12.77,13.14,12.95,13.69
query69.sql,tpcds,7,11.78,12.86,12.33,12.97,13.64
query69.sql,tpcds,8,11.57,12.43,12.63,13.2,13.39
query69.sql,tpcds,9,11.72,12.73,12.94,12.41,13.58
query7.sql,tpcds,1,15.14,16.23,17.42,16.23,16.92
query7.sql,tpcds,2,15.72,16.11,17.22,16.71,16.81
query7.sql,tpcds,3,15.08,16.77,16.61,16.68,17.01
query7.sql,tpcds,4,15.01,16.57,16.44,15.87,16.64
query7.sql,tpcds,5,15.73,16.25,16.24,16.27,16.88
query7.sql,tpcds,6,15.11,17.13,16.38,17.01,16.35
query7.sql,tpcds,7,14.87,16.31,16.12,16.81,17.24
query7.sql,tpcds,8,15.1,16.34,16.77,16.87,18.08
query7.sql,tpcds,9,15.28,16.94,16.73,16.34,16.51
query70.sql,tpcds,1,15.26,16.82,16.19,16.44,16.76
query70.sql,tpcds,2,14.96,15.84,16.5,16.9,16.59
query70.sql,tpcds,3,15.21,16.41,16.6,16.75,16.55
query70.sql,tpcds,4,15.46,16.49,16.17,16.41,16.61
query70.sql,tpcds,5,15.54,16.4,16.29,16.28,17.01
query70.sql,tpcds,6,14.84,16.62,16.8,16.06,16.29
query70.sql,tpcds,7,15.09,16.16,16.61,15.92,16.3
query70.sql,tpcds,8,15.17,16.22,17.09,16.0,16.49
query70.sql,tpcds,9,14.76,16.28,16.22,16.13,17.02
query71.sql,tpcds,1,14.8,15.68,16.14,16.28,16.17
query71.sql,tpcds,2,15.08,16.75,16.04,17.2,17.16
query71.sql,tpcds,3,15.49,16.3,16.33,15.85,16.5
query71.sql,tpcds,4,15.39,16.61,16.18,16.29,16.21
query71.sql,tpcds,5,14.99,16.03,16.42,16.68,16.69
query71.sql,tpcds,6,15.29,16.91,15.65,17.1,17.24
query71.sql,tpcds,7,14.83,16.06,16.37,16.16,17.29
query71.sql,tpcds,8,14.7,16.12,15.91,16.85,17.26
query71.sql,tpcds,9,15.25,15.7,16.42,16.63,16.51
query72.sql,tpcds,1,36.55,39.11,40.21,37.63,38.58
query72.sql,tpcds,2,37.56,39.51,38.74,39.05,38.16
query72.sql,tpcds,3,38.18,39.1,38.73,39.47,39.15
query72.sql,tpcds,4,36.96,39.44,36.97,38.22,37.81
query72.sql,tpcds,5,38.38,39.6,39.99,38.65,39.32
query72.sql,tpcds,6,37.46,41.25,38.1,39.15,40.73
query72.sql,tpcds,7,36.31,38.65,38.8,39.56,39.13
query72.sql,tpcds,8,37.95,38.2,38.33,38.11,39.61
query72.sql,tpcds,9,39.66,39.63,39.17,39.34,37.1
query73.sql,tpcds,1,13.93,15.74,14.78,15.47,15.57
query73.sql,tpcds,2,13.77,15.55,15.26,15.21,15.74
query73.sql,tpcds,3,14.38,15.37,15.5,15.48,16.26
query73.sql,tpcds,4,14.54,15.43,15.58,15.68,16.06
query73.sql,tpcds,5,14.14,14.45,15.95,15.46,15.88
query73.sql,tpcds,6,14.57,15.6,15.31,15.85,14.98
query73.sql,tpcds,7,14.5,14.96,15.24,14.61,15.57
query73.sql,tpcds,8,14.02,16.69,15.36,15.18,15.89
query73.sql,tpcds,9,13.66,15.46,16.22,15.48,16.17
query74.sql,tpcds,1,29.33,28.58,30.31,32.12,29.84
query74.sql,tpcds,2,28.87,29.24,29.38,29.64,30.15
query74.sql,tpcds,3,27.19,29.37,29.42,30.19,30.12
query74.sql,tpcds,4,29.43,28.36,29.85,29.72,32.02
query74.sql,tpcds,5,28.08,29.32,28.95,29.19,28.51
query74.sql,tpcds,6,27.81,29.68,28.59,30.4,29.11
query74.sql,tpcds,7,29.2,30.69,30.19,28.89,29.78
query74.sql,tpcds,8,29.87,28.95,29.9,29.76,29.78
query74.sql,tpcds,9,28.42,28.96,31.32,29.18,30.47
query75.sql,tpcds,1,27.12,27.15,29.94,27.87,28.5
query75.sql,tpcds,2,28.79,30.94,28.24,29.98,30.79
query75.sql,tpcds,3,29.54,29.3,26.86,29.68,29.79
query75.sql,tpcds,4,26.18,31.79,29.22,29.7,28.75
query75.sql,tpcds,5,27.13,30.7,30.14,30.39,29.59
query75.sql,tpcds,6,30.93,27.8,31.18,31.24,32.08
query75.sql,tpcds,7,28.06,28.65,31.25,30.04,31.89
query75.sql,tpcds,8,27.96,30.25,29.89,28.52,28.21
query75.sql,tpcds,9,27.91,29.67,31.21,28.94,30.94
query76.sql,tpcds,1,14.9,16.65,16.77,15.82,17.0
query76.sql,tpcds,2,15.33,16.41,16.01,16.15,15.68
query76.sql,tpcds,3,15.17,16.8,16.73,16.63,17.64
query76.sql,tpcds,4,15.82,16.25,16.52,16.12,16.58
query76.sql,tpcds,5,14.68,16.54,16.66,16.34,16.86
query76.sql,tpcds,6,15.87,16.42,16.39,16.51,16.41
query76.sql,tpcds,7,14.83,16.16,16.37,15.63,16.93
query76.sql,tpcds,8,15.04,16.87,17.75,16.58,16.7
query76.sql,tpcds,9,14.48,16.57,15.84,17.04,17.19
query77.sql,tpcds,1,17.72,17.86,17.57,17.89,19.61
query77.sql,tpcds,2,17.44,17.69,18.45,17.93,19.1
query77.sql,tpcds,3,17.3,18.35,18.48,18.93,18.41
query77.sql,tpcds,4,17.49,19.13,18.39,18.05,18.35
query77.sql,tpcds,5,16.95,18.81,18.42,17.82,18.33
query77.sql,tpcds,6,17.28,18.68,18.8,18.38,18.64
query77.sql,tpcds,7,16.12,18.11,18.43,18.43,19.08
query77.sql,tpcds,8,18.83,18.54,18.5,19.35,19.12
query77.sql,tpcds,9,16.75,17.85,18.57,18.03,18.66
query78.sql,tpcds,1,39.04,38.11,38.96,40.09,40.26
query78.sql,tpcds,2,36.89,37.96,39.14,39.63,39.27
query78.sql,tpcds,3,36.14,36.63,40.36,38.47,39.16
query78.sql,tpcds,4,39.14,39.85,39.28,39.13,41.04
query78.sql,tpcds,5,38.19,38.2,38.78,40.64,40.92
query78.sql,tpcds,6,35.85,39.98,38.87,38.52,39.59
query78.sql,tpcds,7,37.69,41.16,38.89,40.24,39.0
query78.sql,tpcds,8,40.77,38.59,38.57,39.3,39.23
query78.sql,tpcds,9,39.48,38.85,39.76,39.55,38.08
query79.sql,tpcds,1,13.87,15.56,15.18,15.51,15.8
query79.sql,tpcds,2,13.84,15.74,15.25,15.31,15.61
query79.sql,tpcds,3,14.3,15.44,16.0,15.52,15.51
query79.sql,tpcds,4,14.28,15.09,15.33,15.81,16.03
query79.sql,tpcds,5,14.71,15.36,15.28,14.82,16.22
query79.sql,tpcds,6,14.44,15.48,15.26,15.18,15.86
query79.sql,tpcds,7,14.54,15.94,15.2,15.39,15.19
query79.sql,tpcds,8,14.75,15.2,15.37,15.71,15.55
query79.sql,tpcds,9,14.82,15.64,15.8,15.59,15.67
query8.sql,tpcds,1,14.28,15.35,15.04,15.51,15.73
query8.sql,tpcds,2,14.54,15.57,15.16,15.95,15.2
query8.sql,tpcds,3,14.0,15.62,15.25,14.74,15.9
query8.sql,tpcds,4,13.65,15.23,15.31,15.36,15.61
query8.sql,tpcds,5,14.0,15.69,15.32,14.91,15.45
query8.sql,tpcds,6,13.72,15.08,15.17,15.3,15.17
query8.sql,tpcds,7,14.46,15.34,15.22,15.58,15.26
query8.sql,tpcds,8,13.88,15.53,15.25,15.1,15.25
query8.sql,tpcds,9,14.16,15.08,16.2,14.96,15.74
query80.sql,tpcds,1,36.15,40.31,40.4,39.51,39.05
query80.sql,tpcds,2,38.65,38.71,40.41,38.5,41.88
query80.sql,tpcds,3,37.55,40.0,39.26,37.8,39.74
query80.sql,tpcds,4,40.44,39.61,38.79,39.4,38.74
query80.sql,tpcds,5,38.12,38.21,38.7,39.09,41.57
query80.sql,tpcds,6,36.79,39.38,40.38,40.69,39.45
query80.sql,tpcds,7,40.14,39.38,38.8,37.45,40.31
query80.sql,tpcds,8,37.62,40.16,39.73,36.8,39.73
query80.sql,tpcds,9,36.68,39.24,39.9,39.36,38.44
query81.sql,tpcds,1,15.42,16.25,15.62,15.9,16.44
query81.sql,tpcds,2,14.74,16.51,15.85,16.11,16.48
query81.sql,tpcds,3,14.85,15.74,15.97,15.76,16.04
query81.sql,tpcds,4,14.97,16.03,17.54,16.05,16.58
query81.sql,tpcds,5,15.48,15.93,15.79,16.8,16.18
query81.sql,tpcds,6,14.97,15.74,16.11,16.16,16.26
query81.sql,tpcds,7,14.84,15.86,16.04,15.82,16.34
query81.sql,tpcds,8,14.74,16.77,15.9,16.07,16.62
query81.sql,tpcds,9,15.02,15.75,16.12,16.01,16.33
query82.sql,tpcds,1,15.95,17.63,17.6,16.68,16.8
query82.sql,tpcds,2,16.56,17.53,17.68,17.05,17.42
query82.sql,tpcds,3,15.69,17.41,17.77,16.83,17.55
query82.sql,tpcds,4,16.02,17.23,17.16,17.54,18.02
query82.sql,tpcds,5,15.79,17.47,16.93,17.06,17.52
query82.sql,tpcds,6,16.8,17.28,17.1,17.41,17.63
query82.sql,tpcds,7,16.14,17.06,16.84,16.96,17.96
query82.sql,tpcds,8,16.37,17.91,16.6,17.39,17.34
query82.sql,tpcds,9,16.96,17.43,17.56,17.44,17.62
query83.sql,tpcds,1,14.99,16.15,16.11,16.51,15.91
query83.sql,tpcds,2,14.63,15.79,16.66,15.99,16.3
query83.sql,tpcds,3,15.09,16.45,15.85,16.03,16.94
query83.sql,tpcds,4,14.8,16.68,16.37,16.23,16.25
query83.sql,tpcds,5,14.68,16.47,16.04,16.33,16.67
query83.sql,tpcds,6,15.28,16.64,16.28,16.15,16.4
query83.sql,tpcds,7,14.83,16.49,16.42,16.44,16.18
query83.sql,tpcds,8,15.23,16.37,16.71,15.85,16.36
query83.sql,tpcds,9,14.7,15.59,16.01,16.52,17.35
query84.sql,tpcds,1,13.75,15.07,14.74,14.9,15.62
query84.sql,tpcds,2,14.42,15.04,15.05,15.28,15.01
query84.sql,tpcds,3,14.01,15.23,15.31,15.25,15.55
query84.sql,tpcds,4,14.2,15.01,15.22,15.13,15.24
query84.sql,tpcds,5,13.72,15.39,15.09,15.1,15.94
query84.sql,tpcds,6,13.88,15.67,14.88,13.96,15.54
query84.sql,tpcds,7,14.06,15.21,15.21,15.22,15.56
query84.sql,tpcds,8,14.35,15.07,15.33,14.83,15.28
query84.sql,tpcds,9,14.37,14.87,15.24,14.93,15.38
query85.sql,tpcds,1,18.1,19.52,19.33,19.3,18.67
query85.sql,tpcds,2,17.67,18.78,19.35,19.41,19.69
query85.sql,tpcds,3,18.53,19.85,19.69,19.96,20.11
query85.sql,tpcds,4,18.81,19.9,20.76,19.21,19.55
query85.sql,tpcds,5,18.73,19.64,19.62,18.55,19.64
query85.sql,tpcds,6,17.71,19.28,18.96,18.81,18.87
query85.sql,tpcds,7,17.37,19.08,19.39,18.98,19.01
query85.sql,tpcds,8,17.54,19.58,18.96,19.07,20.54
query85.sql,tpcds,9,18.21,18.54,19.4,18.9,19.44
query86.sql,tpcds,1,13.44,14.62,14.46,15.08,15.01
query86.sql,tpcds,2,14.14,14.56,15.25,14.49,15.15
query86.sql,tpcds,3,13.58,14.7,14.73,14.85,14.4
query86.sql,tpcds,4,13.48,14.82,14.62,14.62,15.21
query86.sql,tpcds,5,13.71,14.95,14.61,14.59,15.03
query86.sql,tpcds,6,13.55,14.56,14.74,14.46,14.91
query86.sql,tpcds,7,13.35,14.67,15.25,14.28,14.67
query86.sql,tpcds,8,13.68,14.78,14.78,14.9,14.99
query86.sql,tpcds,9,13.5,14.85,15.4,14.91,15.47
query87.sql,tpcds,1,20.95,22.1,20.89,22.89,20.85
query87.sql,tpcds,2,20.11,20.64,22.88,20.98,21.09
query87.sql,tpcds,3,22.48,21.24,21.93,20.74,23.55
query87.sql,tpcds,4,20.04,23.39,23.19,21.88,22.74
query87.sql,tpcds,5,21.5,22.02,21.5,22.49,22.75
query87.sql,tpcds,6,21.66,22.22,21.1,21.42,22.89
query87.sql,tpcds,7,19.6,20.33,22.5,21.76,21.88
query87.sql,tpcds,8,20.42,21.58,21.78,22.36,21.05
query87.sql,tpcds,9,20.77,21.54,21.03,22.63,22.29
query88.sql,tpcds,1,17.33,18.72,17.77,18.19,18.37
query88.sql,tpcds,2,17.05,18.5,18.11,18.13,17.93
query88.sql,tpcds,3,17.29,17.32,18.08,19.29,18.56
query88.sql,tpcds,4,17.32,18.35,18.28,18.61,18.8
query88.sql,tpcds,5,17.1,18.44,18.82,18.57,18.7
query88.sql,tpcds,6,17.34,17.81,18.5,18.23,18.41
query88.sql,tpcds,7,16.73,17.87,18.22,18.4,18.78
query88.sql,tpcds,8,17.44,18.34,18.43,17.74,18.44
query88.sql,tpcds,9,17.14,18.35,18.68,18.56,18.65
query89.sql,tpcds,1,14.34,15.56,15.7,15.48,15.99
query89.sql,tpcds,2,14.42,15.58,16.14,16.04,15.92
query89.sql,tpcds,3,14.9,16.0,16.2,16.05,16.02
query89.sql,tpcds,4,15.18,15.53,15.69,15.45,15.95
query89.sql,tpcds,5,14.63,15.7,15.88,16.26,15.73
query89.sql,tpcds,6,14.97,15.91,15.61,16.01,15.75
query89.sql,tpcds,7,15.11,15.94,15.44,15.54,15.2
query89.sql,tpcds,8,14.78,16.12,16.0,16.26,15.72
query89.sql,tpcds,9,14.21,15.93,16.27,15.99,15.87
query9.sql,tpcds,1,14.89,15.84,16.22,16.1,15.85
query9.sql,tpcds,2,14.65,16.4,15.76,15.54,16.14
query9.sql,tpcds,3,15.36,15.71,15.59,16.58,15.98
query9.sql,tpcds,4,14.96,15.7,15.71,15.61,15.55
query9.sql,tpcds,5,14.16,15.9,15.96,15.73,15.69
query9.sql,tpcds,6,15.15,15.89,15.79,15.46,16.68
query9.sql,tpcds,7,14.92,16.4,16.44,16.62,15.65
query9.sql,tpcds,8,14.71,16.14,16.26,15.67,16.29
query9.sql,tpcds,9,14.75,15.87,16.14,15.87,16.25
query90.sql,tpcds,1,12.51,13.79,14.31,13.69,13.76
query90.sql,tpcds,2,12.31,13.26,13.67,14.2,13.4
query90.sql,tpcds,3,12.48,13.75,13.93,13.76,14.04
query90.sql,tpcds,4,12.08,13.88,13.68,13.86,13.64
query90.sql,tpcds,5,12.81,13.5,13.92,13.84,13.71
query90.sql,tpcds,6,12.18,13.46,13.82,13.38,13.8
query90.sql,tpcds,7,12.84,13.27,13.29,12.79,14.0
query90.sql,tpcds,8,12.55,13.47,13.73,13.61,13.99
query90.sql,tpcds,9,12.78,13.67,13.89,13.89,12.96
query91.sql,tpcds,1,12.35,14.24,13.83,14.1,14.12
query91.sql,tpcds,2,12.99,14.29,14.35,13.55,14.14
query91.sql,tpcds,3,12.68,13.69,14.46,13.54,13.89
query91.sql,tpcds,4,13.21,13.92,13.56,13.94,14.01
query91.sql,tpcds,5,13.66,13.93,13.77,13.83,13.5
query91.sql,tpcds,6,12.46,13.82,13.87,13.62,13.83
query91.sql,tpcds,7,13.3,13.73,13.55,14.57,14.51
query91.sql,tpcds,8,12.62,14.06,13.79,13.73,13.99
query91.sql,tpcds,9,12.51,13.93,13.52,13.88,13.96
query92.sql,tpcds,1,14.64,15.33,15.95,15.77,15.65
query92.sql,tpcds,2,14.2,15.49,15.59,15.36,15.99
query92.sql,tpcds,3,14.99,15.54,16.13,15.3,15.46
query92.sql,tpcds,4,14.56,15.52,15.15,15.4,15.72
query92.sql,tpcds,5,14.49,15.12,15.65,15.13,15.34
query92.sql,tpcds,6,14.37,15.63,15.78,15.6,15.88
query92.sql,tpcds,7,14.75,15.42,15.44,16.12,15.63
query92.sql,tpcds,8,14.68,15.52,16.16,15.91,16.2
query92.sql,tpcds,9,14.59,15.53,15.83,15.63,15.78
query93.sql,tpcds,1,25.99,33.48,32.79,27.8,33.73
query93.sql,tpcds,2,27.27,28.24,33.33,30.44,28.86
query93.sql,tpcds,3,31.42,31.77,28.58,27.35,29.13
query93.sql,tpcds,4,31.07,27.54,34.51,26.83,30.69
query93.sql,tpcds,5,25.93,27.45,27.9,33.34,27.95
query93.sql,tpcds,6,31.9,31.22,27.9,31.36,34.2
query93.sql,tpcds,7,29.87,28.01,35.45,34.79,29.54
query93.sql,tpcds,8,31.87,30.39,28.03,31.37,28.96
query93.sql,tpcds,9,26.44,27.6,27.75,32.62,34.52
query94.sql,tpcds,1,21.4,22.39,22.48,20.25,22.12
query94.sql,tpcds,2,20.74,22.11,21.16,21.48,21.02
query94.sql,tpcds,3,19.91,20.99,20.75,22.04,21.29
query94.sql,tpcds,4,21.16,20.4,21.78,21.11,22.21
query94.sql,tpcds,5,19.64,22.71,21.5,21.89,21.8
query94.sql,tpcds,6,19.12,21.62,20.74,19.95,23.6
query94.sql,tpcds,7,20.53,21.23,22.34,21.96,20.19
query94.sql,tpcds,8,21.76,20.08,21.79,21.89,21.86
query94.sql,tpcds,9,20.69,21.36,21.05,21.75,20.95
query95.sql,tpcds,1,25.8,26.84,27.54,27.0,27.02
query95.sql,tpcds,2,25.26,26.67,27.13,27.26,26.44
query95.sql,tpcds,3,25.19,27.75,26.51,26.89,28.53
query95.sql,tpcds,4,26.46,27.07,26.74,27.3,26.65
query95.sql,tpcds,5,26.56,27.47,26.53,26.77,27.42
query95.sql,tpcds,6,25.61,27.22,27.29,27.4,27.16
query95.sql,tpcds,7,26.13,27.12,26.38,26.3,27.58
query95.sql,tpcds,8,25.81,27.27,27.36,26.97,28.08
query95.sql,tpcds,9,25.99,27.26,27.08,26.03,27.27
query96.sql,tpcds,1,11.76,12.88,12.4,12.43,12.66
query96.sql,tpcds,2,11.39,12.49,13.13,12.85,13.13
query96.sql,tpcds,3,11.84,12.72,12.81,12.28,12.84
query96.sql,tpcds,4,11.6,12.89,12.68,12.68,12.63
query96.sql,tpcds,5,11.55,13.0,13.01,12.94,13.32
query96.sql,tpcds,6,11.81,12.52,12.88,12.76,12.82
query96.sql,tpcds,7,11.33,13.32,13.13,13.02,12.84
query96.sql,tpcds,8,11.56,13.01,12.95,12.74,12.66
query96.sql,tpcds,9,11.69,12.46,13.04,12.62,13.1
query97.sql,tpcds,1,21.14,21.66,21.75,24.38,21.23
query97.sql,tpcds,2,21.04,21.43,21.14,20.79,23.75
query97.sql,tpcds,3,21.13,21.67,23.51,21.55,21.31
query97.sql,tpcds,4,20.82,21.52,21.45,21.95,22.07
query97.sql,tpcds,5,20.25,21.73,20.62,23.04,21.53
query97.sql,tpcds,6,20.19,22.2,22.41,22.79,21.64
query97.sql,tpcds,7,20.33,22.51,21.74,20.59,22.07
query97.sql,tpcds,8,21.14,22.33,22.18,20.83,22.0
query97.sql,tpcds,9,20.2,22.39,23.24,21.39,22.04
query98.sql,tpcds,1,14.57,15.18,16.04,15.14,15.46
query98.sql,tpcds,2,14.86,16.33,16.3,15.66,15.81
query98.sql,tpcds,3,14.37,16.02,16.07,15.99,17.22
query98.sql,tpcds,4,14.32,15.57,15.5,15.42,16.3
query98.sql,tpcds,5,14.35,15.54,15.64,15.15,15.93
query98.sql,tpcds,6,14.17,16.05,16.0,16.42,15.74
query98.sql,tpcds,7,14.72,16.33,15.8,15.44,16.35
query98.sql,tpcds,8,14.72,15.63,15.93,15.28,15.57
query98.sql,tpcds,9,14.59,16.77,15.48,15.72,15.98
query99.sql,tpcds,1,13.85,15.6,14.56,14.91,14.6
query99.sql,tpcds,2,14.4,15.22,15.12,14.31,14.71
query99.sql,tpcds,3,12.85,15.43,14.26,14.53,15.07
query99.sql,tpcds,4,12.83,14.52,15.24,14.37,15.29
query99.sql,tpcds,5,13.48,14.95,14.79,15.27,15.37
query99.sql,tpcds,6,13.31,15.08,15.37,14.12,15.89
query99.sql,tpcds,7,14.2,14.36,15.29,14.56,14.66
query99.sql,tpcds,8,13.99,15.1,15.22,15.14,14.16
query99.sql,tpcds,9,13.83,15.27,15.28,14.57,14.85
