query,dataset,run_number,listener_bare_time,listener_time_sec,listener_nowrite_time,listener_register_time,vanilla_time_sec
1.sql,tpch,1,32.54,30.74,32.59,31.82,33.77
10.sql,tpch,1,23.08,23.05,22.63,22.95,21.54
11.sql,tpch,1,12.49,13.69,12.18,12.6,12.39
12.sql,tpch,1,16.68,16.77,17.53,18.89,19.05
13.sql,tpch,1,19.38,18.67,17.96,18.09,18.33
14.sql,tpch,1,14.89,15.38,14.39,14.58,15.66
15.sql,tpch,1,17.33,17.54,18.41,18.86,17.70
16.sql,tpch,1,19.59,20.25,21.5,20.01,18.25
17.sql,tpch,1,36.08,34.61,35.74,34.64,33.55
18.sql,tpch,1,34.87,34.23,33.28,35.66,32.96
19.sql,tpch,1,15.45,16.14,15.1,16.02,15.03
2.sql,tpch,1,19.23,21.91,20.55,20.81,15.64
20.sql,tpch,1,23.32,24.97,23.69,24.7,17.65
21.sql,tpch,1,32.36,31.45,31.36,32.23,33.14
22.sql,tpch,1,14.72,15.02,14.46,14.13,15.62
3.sql,tpch,1,21.43,22.09,21.63,22.47,24.16
4.sql,tpch,1,18.12,17.65,17.32,17.62,23.43
5.sql,tpch,1,26.66,25.4,25.31,26.67,35.05
6.sql,tpch,1,11.53,11.83,11.32,11.57,11.80
7.sql,tpch,1,24.37,25.73,25.64,25.85,28.70
8.sql,tpch,1,28.36,28.96,29.63,27.64,24.82
9.sql,tpch,1,33.62,36.77,31.82,33.74,30.82
1.sql,tpch,2,31.76,32.69,30.72,30.56,32.16
10.sql,tpch,2,22.12,24.12,22.89,22.41,21.67
11.sql,tpch,2,11.99,13.52,12.62,12.19,13.14
12.sql,tpch,2,17.63,17.13,17.27,17.2,19.01
13.sql,tpch,2,18.49,18.46,17.93,17.59,18.38
14.sql,tpch,2,14.44,15.81,14.29,14.42,14.64
15.sql,tpch,2,17.25,18.0,17.64,17.26,17.22
16.sql,tpch,2,20.5,20.64,19.49,20.5,17.53
17.sql,tpch,2,35.06,34.97,36.02,36.8,33.37
18.sql,tpch,2,34.67,35.14,36.03,36.12,33.60
19.sql,tpch,2,15.67,15.72,15.59,15.28,14.94
2.sql,tpch,2,21.15,20.52,20.95,21.11,15.70
20.sql,tpch,2,23.73,23.91,23.61,22.41,16.97
21.sql,tpch,2,32.01,32.52,31.37,32.13,33.30
22.sql,tpch,2,14.72,14.71,14.52,14.66,15.01
3.sql,tpch,2,21.88,20.52,22.11,21.27,20.17
4.sql,tpch,2,17.48,18.24,18.08,17.27,25.01
5.sql,tpch,2,26.65,26.16,26.14,25.78,33.57
6.sql,tpch,2,11.61,11.65,11.82,11.76,12.15
7.sql,tpch,2,24.61,24.63,25.05,24.67,26.27
8.sql,tpch,2,28.19,29.09,28.41,27.32,23.70
9.sql,tpch,2,33.77,33.45,35.05,33.03,31.97
1.sql,tpch,3,31.99,31.99,32.62,31.27,32.01
10.sql,tpch,3,23.1,22.5,24.32,23.13,22.73
11.sql,tpch,3,12.39,13.04,12.17,12.54,12.47
12.sql,tpch,3,17.16,17.72,16.74,18.04,18.42
13.sql,tpch,3,18.17,19.11,17.74,17.67,18.10
14.sql,tpch,3,14.78,14.6,14.5,14.79,14.77
15.sql,tpch,3,18.48,18.01,18.01,17.57,17.86
16.sql,tpch,3,20.34,20.24,20.27,20.34,18.90
17.sql,tpch,3,35.86,34.53,35.96,35.76,34.11
18.sql,tpch,3,32.88,33.15,33.75,35.28,33.13
19.sql,tpch,3,15.53,16.36,14.9,15.48,15.54
2.sql,tpch,3,20.65,21.53,20.59,19.52,15.44
20.sql,tpch,3,23.22,24.18,25.14,23.91,16.69
21.sql,tpch,3,32.0,32.71,32.74,32.13,33.59
22.sql,tpch,3,14.58,15.03,14.56,14.72,16.65
3.sql,tpch,3,22.21,22.19,20.52,20.89,21.81
4.sql,tpch,3,17.43,18.34,17.91,18.14,27.57
5.sql,tpch,3,25.94,26.95,26.08,25.45,26.04
6.sql,tpch,3,11.92,12.25,11.7,12.04,11.75
7.sql,tpch,3,24.72,26.29,25.81,25.59,28.02
8.sql,tpch,3,28.63,30.37,28.81,29.82,24.56
9.sql,tpch,3,33.68,33.12,33.39,34.44,32.39
1.sql,tpch,4,31.58,31.68,31.96,31.06,30.89
10.sql,tpch,4,23.27,22.53,24.12,22.27,23.65
11.sql,tpch,4,12.16,13.66,12.11,12.81,12.71
12.sql,tpch,4,17.49,18.46,18.3,18.12,19.61
13.sql,tpch,4,17.21,18.37,17.95,17.38,18.59
14.sql,tpch,4,14.37,15.04,14.73,15.14,15.61
15.sql,tpch,4,17.9,18.44,18.18,17.59,17.22
16.sql,tpch,4,20.04,20.29,20.25,19.75,17.68
17.sql,tpch,4,34.32,36.74,34.29,36.9,33.95
18.sql,tpch,4,32.93,33.98,34.18,34.42,33.18
19.sql,tpch,4,15.71,15.29,14.9,15.65,14.61
2.sql,tpch,4,21.37,19.98,20.48,21.53,15.76
20.sql,tpch,4,23.19,24.5,24.42,25.38,17.53
21.sql,tpch,4,32.09,31.89,32.11,32.45,33.48
22.sql,tpch,4,14.77,14.77,14.57,15.3,15.41
3.sql,tpch,4,19.85,21.73,21.37,22.02,19.86
4.sql,tpch,4,17.31,17.1,18.16,17.66,26.90
5.sql,tpch,4,24.95,25.78,26.15,25.55,31.23
6.sql,tpch,4,11.73,11.87,11.56,11.89,11.60
7.sql,tpch,4,24.05,23.82,24.39,25.13,29.60
8.sql,tpch,4,29.29,28.5,29.63,28.22,24.35
9.sql,tpch,4,33.79,34.13,33.3,33.05,30.93
1.sql,tpch,5,30.92,31.92,32.27,32.38,31.19
10.sql,tpch,5,23.48,23.37,22.64,22.89,21.51
11.sql,tpch,5,12.51,13.34,12.59,12.29,12.28
12.sql,tpch,5,17.54,16.56,18.4,17.32,19.05
13.sql,tpch,5,18.68,17.46,17.38,17.34,18.57
14.sql,tpch,5,14.59,14.61,14.55,14.43,14.56
15.sql,tpch,5,18.48,18.26,16.3,17.12,16.66
16.sql,tpch,5,20.06,21.39,20.54,20.85,17.70
17.sql,tpch,5,35.69,36.59,34.77,36.61,34.35
18.sql,tpch,5,34.05,32.93,33.51,35.33,34.18
19.sql,tpch,5,15.21,15.24,14.7,16.6,14.84
2.sql,tpch,5,19.91,21.11,21.07,19.45,15.91
20.sql,tpch,5,23.76,24.22,22.82,22.45,16.75
21.sql,tpch,5,31.82,31.96,31.74,31.67,33.33
22.sql,tpch,5,15.0,14.75,14.47,14.26,15.92
3.sql,tpch,5,20.91,21.12,21.59,22.86,21.24
4.sql,tpch,5,17.35,17.18,17.7,18.71,19.81
5.sql,tpch,5,25.1,26.46,25.2,26.15,26.84
6.sql,tpch,5,11.22,11.92,12.35,11.94,12.06
7.sql,tpch,5,25.35,24.66,23.62,24.61,28.80
8.sql,tpch,5,28.98,28.55,28.7,28.08,23.70
9.sql,tpch,5,34.55,33.83,34.37,33.38,31.04
1.sql,tpch,6,32.32,32.62,31.24,31.11,32.62
10.sql,tpch,6,22.96,23.49,23.36,23.95,22.80
11.sql,tpch,6,12.6,13.45,12.45,12.53,12.07
12.sql,tpch,6,18.05,18.32,18.05,17.93,19.48
13.sql,tpch,6,17.69,19.01,17.58,17.69,20.41
14.sql,tpch,6,14.61,14.76,14.71,14.35,14.96
15.sql,tpch,6,19.21,18.2,18.1,17.66,17.07
16.sql,tpch,6,20.9,19.8,20.0,20.47,17.80
17.sql,tpch,6,34.96,35.08,35.4,35.67,33.53
18.sql,tpch,6,34.93,32.91,35.02,35.57,33.91
19.sql,tpch,6,15.63,15.7,14.91,15.88,14.59
2.sql,tpch,6,20.9,20.73,21.44,20.2,16.59
20.sql,tpch,6,22.52,24.25,24.41,22.49,16.57
21.sql,tpch,6,32.02,32.26,32.65,31.87,33.27
22.sql,tpch,6,14.82,15.22,14.81,14.66,15.47
3.sql,tpch,6,22.44,22.15,21.86,21.33,21.96
4.sql,tpch,6,17.92,16.9,17.51,17.43,22.30
5.sql,tpch,6,25.04,25.29,24.75,25.72,30.14
6.sql,tpch,6,11.95,12.01,11.61,11.69,11.95
7.sql,tpch,6,25.45,24.56,24.41,25.19,27.28
8.sql,tpch,6,29.64,29.71,28.1,28.87,24.47
9.sql,tpch,6,31.93,33.72,33.52,33.22,31.00
1.sql,tpch,7,32.48,33.39,32.26,30.8,32.23
10.sql,tpch,7,23.42,22.98,21.7,22.33,21.76
11.sql,tpch,7,12.16,13.23,12.33,12.45,12.24
12.sql,tpch,7,17.23,18.45,17.34,17.41,17.41
13.sql,tpch,7,19.02,18.95,18.12,17.39,18.12
14.sql,tpch,7,15.0,14.63,14.55,14.59,14.97
15.sql,tpch,7,17.73,17.3,17.58,18.13,16.87
16.sql,tpch,7,19.77,20.08,20.24,19.6,18.47
17.sql,tpch,7,34.7,35.29,35.57,34.9,34.62
18.sql,tpch,7,32.16,34.09,35.61,35.04,32.91
19.sql,tpch,7,15.48,15.51,15.18,14.66,15.30
2.sql,tpch,7,20.88,20.83,20.43,21.07,15.81
20.sql,tpch,7,23.24,25.36,23.07,24.22,16.27
21.sql,tpch,7,32.41,31.66,31.37,32.52,33.15
22.sql,tpch,7,14.47,14.63,15.02,14.79,16.38
3.sql,tpch,7,21.59,22.31,20.81,21.51,21.72
4.sql,tpch,7,18.45,17.05,17.24,16.93,27.47
5.sql,tpch,7,26.02,26.9,26.33,25.46,35.04
6.sql,tpch,7,11.14,11.47,12.08,11.36,11.45
7.sql,tpch,7,24.52,25.22,25.6,24.23,32.81
8.sql,tpch,7,28.63,28.28,28.63,28.43,24.37
9.sql,tpch,7,34.63,32.75,33.02,34.44,30.13
1.sql,tpch,8,32.37,31.75,31.24,31.79,31.63
10.sql,tpch,8,23.33,22.95,21.98,23.98,21.08
11.sql,tpch,8,12.17,13.43,12.51,12.46,12.50
12.sql,tpch,8,17.05,18.17,17.79,17.49,17.11
13.sql,tpch,8,17.62,18.47,17.07,17.72,18.53
14.sql,tpch,8,14.69,14.26,15.0,14.22,14.76
15.sql,tpch,8,17.5,17.87,17.58,17.07,17.68
16.sql,tpch,8,20.3,20.06,19.69,19.81,16.81
17.sql,tpch,8,34.63,37.09,35.43,35.66,34.23
18.sql,tpch,8,33.01,33.36,34.0,34.66,33.50
19.sql,tpch,8,15.4,15.27,15.57,14.81,14.60
2.sql,tpch,8,20.7,20.74,19.65,20.06,15.35
20.sql,tpch,8,23.96,23.58,22.5,23.21,17.02
21.sql,tpch,8,31.82,32.39,33.79,30.96,33.47
22.sql,tpch,8,14.67,14.86,14.68,15.19,16.18
3.sql,tpch,8,21.09,21.64,21.68,21.78,19.93
4.sql,tpch,8,18.18,18.07,17.16,17.75,23.12
5.sql,tpch,8,27.95,26.82,26.09,24.76,33.02
6.sql,tpch,8,11.46,12.2,11.98,11.62,11.88
7.sql,tpch,8,24.49,24.62,25.41,25.2,26.84
8.sql,tpch,8,28.41,28.13,28.13,28.19,24.39
9.sql,tpch,8,33.79,33.47,33.88,35.02,31.48
1.sql,tpch,9,30.93,30.49,32.28,30.89,32.55
10.sql,tpch,9,23.56,23.22,21.44,23.09,21.53
11.sql,tpch,9,12.56,13.06,12.68,12.56,12.25
12.sql,tpch,9,17.5,17.57,17.67,17.65,18.27
13.sql,tpch,9,19.07,18.46,17.58,18.07,19.41
14.sql,tpch,9,14.22,15.33,14.58,14.5,15.09
15.sql,tpch,9,17.75,17.98,16.98,17.33,17.02
16.sql,tpch,9,20.28,20.74,20.04,20.25,18.22
17.sql,tpch,9,36.65,35.02,36.19,36.34,34.42
18.sql,tpch,9,34.32,35.12,34.6,33.64,34.49
19.sql,tpch,9,16.25,15.48,15.03,15.8,14.48
2.sql,tpch,9,21.42,21.04,19.48,20.35,15.56
20.sql,tpch,9,23.74,23.28,22.81,22.96,17.41
21.sql,tpch,9,31.98,32.25,32.44,32.35,33.94
22.sql,tpch,9,15.07,15.22,14.87,15.05,15.79
3.sql,tpch,9,20.6,20.92,21.62,22.97,19.86
4.sql,tpch,9,17.63,17.57,18.13,17.64,24.56
5.sql,tpch,9,26.27,26.09,27.12,25.42,32.39
6.sql,tpch,9,11.66,12.0,11.64,11.97,11.83
7.sql,tpch,9,25.38,25.58,26.04,25.64,31.86
8.sql,tpch,9,29.45,28.21,28.79,29.66,26.31
9.sql,tpch,9,33.98,33.82,33.21,32.94,31.08
query1.sql,tpcds,1,17.13,17.34,16.26,16.25,15.49
query10.sql,tpcds,1,19.08,18.79,19.31,18.83,16.53
query11.sql,tpcds,1,42.59,42.12,42.39,41.25,29.75
query12.sql,tpcds,1,14.68,14.69,14.58,14.73,14.24
query13.sql,tpcds,1,14.4,14.42,13.67,13.86,14.86
query14.sql,tpcds,1,8.62,8.86,8.51,8.63,fail
query15.sql,tpcds,1,14.17,15.11,14.07,14.0,14.07
query16.sql,tpcds,1,20.22,20.48,20.32,21.09,15.36
query17.sql,tpcds,1,27.64,28.74,26.91,25.58,29.55
query18.sql,tpcds,1,15.89,15.55,15.75,15.91,15.63
query19.sql,tpcds,1,14.77,14.95,14.89,15.06,14.30
query2.sql,tpcds,1,15.95,16.36,16.02,16.16,14.75
query20.sql,tpcds,1,14.82,14.99,14.43,14.04,13.75
query21.sql,tpcds,1,13.61,13.86,13.71,13.13,13.06
query22.sql,tpcds,1,14.59,14.86,14.31,14.13,14.74
query23.sql,tpcds,1,8.84,8.5,8.67,8.76,fail
query24.sql,tpcds,1,8.43,8.3,8.17,8.51,fail
query25.sql,tpcds,1,28.05,27.8,26.48,27.55,30.21
query26.sql,tpcds,1,14.73,15.06,14.17,14.49,14.49
query27.sql,tpcds,1,15.22,15.99,15.2,15.44,14.79
query28.sql,tpcds,1,20.93,23.66,22.19,22.19,19.82
query29.sql,tpcds,1,28.35,26.2,26.79,28.06,29.58
query3.sql,tpcds,1,13.33,13.39,13.04,12.84,12.97
query30.sql,tpcds,1,8.5,8.93,8.6,8.83,fail
query31.sql,tpcds,1,22.52,22.98,22.21,21.5,19.92
query32.sql,tpcds,1,14.49,14.92,14.43,14.48,14.25
query33.sql,tpcds,1,17.0,17.93,17.7,16.82,15.60
query34.sql,tpcds,1,15.09,15.77,16.38,15.46,13.99
query35.sql,tpcds,1,20.74,21.57,20.8,21.7,17.16
query36.sql,tpcds,1,14.56,14.79,15.1,14.92,14.54
query37.sql,tpcds,1,14.68,14.83,14.92,14.24,15.65
query38.sql,tpcds,1,24.58,25.91,24.93,25.42,20.57
query39.sql,tpcds,1,8.28,8.54,8.46,8.49,fail
query4.sql,tpcds,1,59.51,59.23,60.45,59.32,37.15
query40.sql,tpcds,1,19.57,19.42,18.67,19.78,21.58
query41.sql,tpcds,1,11.03,11.98,11.69,11.14,10.21
query42.sql,tpcds,1,12.5,13.27,12.47,12.64,13.37
query43.sql,tpcds,1,13.45,13.46,13.43,13.49,13.28
query44.sql,tpcds,1,16.81,16.71,16.44,16.44,15.50
query45.sql,tpcds,1,14.05,14.74,14.3,13.91,13.94
query46.sql,tpcds,1,14.81,15.68,14.87,15.79,15.18
query47.sql,tpcds,1,34.45,33.3,32.88,32.13,18.62
query48.sql,tpcds,1,14.92,15.39,15.2,14.78,15.03
query49.sql,tpcds,1,21.44,20.71,20.7,22.0,20.43
query5.sql,tpcds,1,20.59,21.36,21.53,20.38,19.87
query50.sql,tpcds,1,20.34,20.63,19.89,19.81,21.68
query51.sql,tpcds,1,31.13,30.09,31.92,28.84,23.82
query52.sql,tpcds,1,12.89,13.14,13.26,13.05,13.62
query53.sql,tpcds,1,14.37,15.05,14.9,14.28,14.71
query54.sql,tpcds,1,19.8,20.54,19.24,19.99,18.35
query55.sql,tpcds,1,13.58,13.98,13.6,13.07,13.06
query56.sql,tpcds,1,17.45,17.07,17.03,17.45,16.03
query57.sql,tpcds,1,23.99,24.64,23.67,23.9,14.56
query58.sql,tpcds,1,17.32,17.28,16.19,16.59,17.45
query59.sql,tpcds,1,16.94,18.55,17.43,18.21,15.81
query6.sql,tpcds,1,18.79,20.28,19.35,19.98,21.54
query60.sql,tpcds,1,17.78,17.96,17.27,18.24,16.96
query61.sql,tpcds,1,13.8,14.01,13.87,13.7,10.69
query62.sql,tpcds,1,14.06,14.41,14.34,13.91,14.07
query63.sql,tpcds,1,14.46,14.9,14.43,15.06,13.91
query64.sql,tpcds,1,49.92,53.56,49.69,49.81,37.29
query65.sql,tpcds,1,19.46,20.23,19.55,18.43,18.63
query66.sql,tpcds,1,16.98,16.59,17.26,16.19,16.37
query67.sql,tpcds,1,8.13,8.3,8.14,8.14,fail
query68.sql,tpcds,1,14.77,15.57,15.79,15.79,16.55
query69.sql,tpcds,1,15.79,16.28,15.94,15.71,11.62
query7.sql,tpcds,1,15.62,15.96,15.33,15.87,15.74
query70.sql,tpcds,1,16.3,16.2,16.13,15.85,15.55
query71.sql,tpcds,1,14.95,14.87,14.36,15.72,15.55
query72.sql,tpcds,1,34.77,34.64,35.89,33.15,36.61
query73.sql,tpcds,1,14.38,14.62,14.75,14.23,13.61
query74.sql,tpcds,1,40.57,43.72,41.61,40.93,28.47
query75.sql,tpcds,1,41.77,41.43,41.01,43.29,24.08
query76.sql,tpcds,1,14.51,15.47,15.83,14.96,15.11
query77.sql,tpcds,1,35.67,35.3,36.22,35.23,17.28
query78.sql,tpcds,1,37.57,37.83,39.51,38.53,36.83
query79.sql,tpcds,1,15.09,15.03,15.51,14.75,14.63
query8.sql,tpcds,1,14.1,15.0,15.1,14.39,14.80
query80.sql,tpcds,1,32.22,32.9,34.18,33.34,35.68
query81.sql,tpcds,1,16.73,16.8,16.67,16.53,15.43
query82.sql,tpcds,1,15.57,15.26,15.76,15.15,16.63
query83.sql,tpcds,1,15.32,15.76,15.73,15.24,14.30
query84.sql,tpcds,1,15.18,15.36,16.12,15.14,13.96
query85.sql,tpcds,1,18.06,18.06,18.16,18.5,18.57
query86.sql,tpcds,1,14.2,14.65,14.24,14.21,13.46
query87.sql,tpcds,1,25.03,25.9,25.13,25.97,20.10
query88.sql,tpcds,1,18.23,17.76,18.45,18.65,17.34
query89.sql,tpcds,1,15.21,15.17,14.94,15.75,14.70
query9.sql,tpcds,1,18.81,19.49,18.21,18.77,15.06
query90.sql,tpcds,1,13.68,12.77,13.88,13.6,12.68
query91.sql,tpcds,1,13.17,12.89,12.82,13.48,13.05
query92.sql,tpcds,1,13.89,14.66,14.29,15.0,14.31
query93.sql,tpcds,1,23.01,23.82,23.09,24.5,25.73
query94.sql,tpcds,1,19.38,19.95,18.74,19.6,20.44
query95.sql,tpcds,1,25.33,25.39,25.88,25.8,25.53
query96.sql,tpcds,1,12.25,12.23,11.77,11.73,11.57
query97.sql,tpcds,1,18.47,19.59,18.22,19.16,19.73
query98.sql,tpcds,1,14.5,15.45,15.1,15.25,14.82
query99.sql,tpcds,1,13.37,13.87,13.87,13.33,14.01
query1.sql,tpcds,2,15.89,16.53,17.07,16.28,15.48
query10.sql,tpcds,2,18.78,19.42,18.84,18.86,16.02
query11.sql,tpcds,2,41.49,41.92,42.19,42.6,29.91
query12.sql,tpcds,2,14.82,14.66,14.43,14.57,13.83
query13.sql,tpcds,2,14.1,14.32,14.25,14.37,14.26
query14.sql,tpcds,2,8.18,8.1,8.54,8.5,fail
query15.sql,tpcds,2,14.11,15.19,14.85,14.57,14.52
query16.sql,tpcds,2,21.27,20.62,21.36,21.43,15.60
query17.sql,tpcds,2,28.96,25.64,26.89,26.81,29.35
query18.sql,tpcds,2,15.96,15.94,15.97,15.95,16.38
query19.sql,tpcds,2,14.82,15.98,14.52,15.47,15.13
query2.sql,tpcds,2,15.63,16.12,16.33,16.13,15.27
query20.sql,tpcds,2,13.69,14.02,14.46,13.87,13.54
query21.sql,tpcds,2,13.42,13.93,13.49,13.47,13.40
query22.sql,tpcds,2,14.92,14.72,15.13,14.18,13.91
query23.sql,tpcds,2,8.4,8.46,8.19,8.58,fail
query24.sql,tpcds,2,8.84,8.25,8.39,8.11,fail
query25.sql,tpcds,2,26.74,27.73,26.97,26.78,28.75
query26.sql,tpcds,2,14.43,14.74,13.9,14.15,14.71
query27.sql,tpcds,2,15.05,15.51,14.87,14.71,15.95
query28.sql,tpcds,2,20.96,21.88,21.75,21.86,19.99
query29.sql,tpcds,2,26.04,27.89,26.14,28.52,29.69
query3.sql,tpcds,2,13.27,13.48,13.26,12.96,13.45
query30.sql,tpcds,2,8.93,8.66,8.53,8.61,fail
query31.sql,tpcds,2,23.97,24.87,23.08,23.41,19.70
query32.sql,tpcds,2,14.26,14.66,14.49,14.41,14.20
query33.sql,tpcds,2,16.54,17.14,17.54,17.31,16.93
query34.sql,tpcds,2,15.74,15.71,15.48,15.73,14.51
query35.sql,tpcds,2,21.56,21.55,21.4,20.04,17.20
query36.sql,tpcds,2,15.63,15.24,14.76,15.39,14.69
query37.sql,tpcds,2,14.51,15.32,14.32,14.44,15.53
query38.sql,tpcds,2,26.31,25.1,25.09,25.76,20.47
query39.sql,tpcds,2,8.39,8.43,8.36,8.25,fail
query4.sql,tpcds,2,61.31,61.03,61.76,59.46,38.42
query40.sql,tpcds,2,18.4,19.62,18.23,18.96,20.46
query41.sql,tpcds,2,11.24,12.03,11.4,11.96,10.25
query42.sql,tpcds,2,12.71,13.13,12.63,13.03,13.47
query43.sql,tpcds,2,13.02,13.4,13.63,12.69,13.64
query44.sql,tpcds,2,16.67,16.63,16.6,16.49,15.25
query45.sql,tpcds,2,13.99,14.46,13.52,14.67,13.79
query46.sql,tpcds,2,15.72,15.28,15.34,15.45,16.01
query47.sql,tpcds,2,33.41,33.04,32.34,33.45,18.83
query48.sql,tpcds,2,15.5,14.56,15.03,15.43,15.20
query49.sql,tpcds,2,22.53,22.48,21.25,22.13,21.18
query5.sql,tpcds,2,20.75,20.84,20.89,20.55,19.52
query50.sql,tpcds,2,19.54,20.52,20.63,19.99,23.38
query51.sql,tpcds,2,30.24,30.23,30.19,30.01,23.57
query52.sql,tpcds,2,13.3,13.49,13.02,12.96,12.85
query53.sql,tpcds,2,14.76,14.53,14.64,14.54,14.02
query54.sql,tpcds,2,19.14,20.31,19.23,20.16,18.99
query55.sql,tpcds,2,13.51,14.03,14.53,13.68,13.99
query56.sql,tpcds,2,17.97,17.48,17.48,17.12,15.54
query57.sql,tpcds,2,24.62,24.84,23.8,24.69,14.79
query58.sql,tpcds,2,15.94,16.97,16.21,18.14,16.72
query59.sql,tpcds,2,17.51,17.5,17.29,17.81,16.94
query6.sql,tpcds,2,19.8,18.33,19.21,18.41,21.73
query60.sql,tpcds,2,16.66,18.38,16.89,17.68,16.80
query61.sql,tpcds,2,13.82,13.77,13.74,13.49,10.82
query62.sql,tpcds,2,13.67,14.43,14.42,14.75,14.40
query63.sql,tpcds,2,14.23,14.56,14.82,14.82,13.73
query64.sql,tpcds,2,50.24,52.72,51.9,51.63,37.01
query65.sql,tpcds,2,19.62,20.15,19.0,19.32,18.54
query66.sql,tpcds,2,16.72,17.22,16.97,17.5,16.80
query67.sql,tpcds,2,8.54,8.31,8.28,8.19,fail
query68.sql,tpcds,2,15.69,15.65,15.47,15.81,16.58
query69.sql,tpcds,2,15.7,17.09,15.93,15.73,11.92
query7.sql,tpcds,2,15.46,15.48,16.06,16.29,15.67
query70.sql,tpcds,2,15.48,16.37,15.49,16.2,15.56
query71.sql,tpcds,2,14.82,15.57,14.57,14.72,15.12
query72.sql,tpcds,2,34.2,35.02,34.93,35.03,35.84
query73.sql,tpcds,2,14.11,15.29,14.79,14.28,14.76
query74.sql,tpcds,2,40.52,43.1,42.42,42.34,28.45
query75.sql,tpcds,2,42.46,41.79,41.81,42.59,25.20
query76.sql,tpcds,2,15.17,15.8,16.28,15.9,14.97
query77.sql,tpcds,2,35.99,36.37,34.77,35.57,16.80
query78.sql,tpcds,2,37.53,39.42,38.47,40.12,35.23
query79.sql,tpcds,2,14.8,14.82,14.75,14.34,14.92
query8.sql,tpcds,2,14.85,14.58,14.45,14.1,14.92
query80.sql,tpcds,2,33.39,32.96,32.17,31.99,34.97
query81.sql,tpcds,2,17.13,16.83,16.85,16.98,15.27
query82.sql,tpcds,2,15.36,16.25,15.4,15.11,17.05
query83.sql,tpcds,2,15.93,15.07,15.8,15.75,15.51
query84.sql,tpcds,2,14.55,14.9,14.68,14.5,13.98
query85.sql,tpcds,2,17.56,18.25,18.05,18.54,17.85
query86.sql,tpcds,2,14.46,14.7,14.15,14.4,13.66
query87.sql,tpcds,2,25.98,26.19,26.41,25.57,19.55
query88.sql,tpcds,2,18.15,17.97,18.12,18.38,17.32
query89.sql,tpcds,2,15.01,15.45,15.1,15.4,14.68
query9.sql,tpcds,2,18.28,18.48,18.26,18.42,15.15
query90.sql,tpcds,2,13.42,13.54,12.95,12.62,12.51
query91.sql,tpcds,2,12.64,13.2,12.97,13.16,13.34
query92.sql,tpcds,2,14.98,14.95,15.3,13.78,14.84
query93.sql,tpcds,2,22.98,23.17,23.48,24.19,31.25
query94.sql,tpcds,2,19.98,19.95,19.42,18.75,20.53
query95.sql,tpcds,2,26.79,25.81,25.32,25.18,25.77
query96.sql,tpcds,2,12.15,12.21,12.29,11.74,12.36
query97.sql,tpcds,2,18.68,19.56,18.68,18.33,19.70
query98.sql,tpcds,2,15.04,15.13,15.14,15.34,14.22
query99.sql,tpcds,2,14.59,14.52,14.08,14.65,13.72
query1.sql,tpcds,3,16.2,16.89,16.8,16.86,16.31
query10.sql,tpcds,3,19.71,18.67,19.23,19.43,16.44
query11.sql,tpcds,3,41.93,43.88,41.59,43.56,27.38
query12.sql,tpcds,3,14.3,14.89,14.73,14.69,14.42
query13.sql,tpcds,3,15.02,14.84,14.17,14.83,14.44
query14.sql,tpcds,3,8.79,8.19,8.51,8.64,fail
query15.sql,tpcds,3,14.4,14.68,14.91,14.77,15.12
query16.sql,tpcds,3,21.24,21.03,20.41,20.45,15.95
query17.sql,tpcds,3,25.46,28.49,26.65,27.4,29.81
query18.sql,tpcds,3,15.44,16.59,14.77,15.44,16.29
query19.sql,tpcds,3,14.14,14.93,15.09,14.12,14.35
query2.sql,tpcds,3,16.37,16.09,15.9,15.71,14.43
query20.sql,tpcds,3,14.02,13.64,13.98,14.92,13.56
query21.sql,tpcds,3,14.67,14.2,13.8,13.09,14.14
query22.sql,tpcds,3,14.99,14.57,14.48,14.4,14.04
query23.sql,tpcds,3,8.41,8.81,8.97,8.46,fail
query24.sql,tpcds,3,8.5,8.63,8.43,8.12,fail
query25.sql,tpcds,3,27.77,28.63,26.42,27.2,29.41
query26.sql,tpcds,3,14.81,14.24,14.96,14.09,14.36
query27.sql,tpcds,3,15.02,16.0,15.48,15.18,15.42
query28.sql,tpcds,3,23.46,21.88,23.97,21.12,20.67
query29.sql,tpcds,3,26.16,25.86,27.28,26.78,29.05
query3.sql,tpcds,3,13.02,12.68,12.87,13.22,12.79
query30.sql,tpcds,3,8.24,8.75,8.46,8.58,fail
query31.sql,tpcds,3,22.57,22.79,23.93,22.54,19.33
query32.sql,tpcds,3,13.94,14.2,14.54,14.14,13.88
query33.sql,tpcds,3,16.68,16.81,17.04,17.31,16.62
query34.sql,tpcds,3,15.05,15.59,15.4,15.05,14.60
query35.sql,tpcds,3,20.93,21.33,21.86,21.28,17.39
query36.sql,tpcds,3,15.01,15.14,14.84,14.94,14.57
query37.sql,tpcds,3,14.39,14.6,14.97,14.31,15.94
query38.sql,tpcds,3,25.27,25.34,25.48,25.05,21.38
query39.sql,tpcds,3,8.39,8.31,8.37,8.49,fail
query4.sql,tpcds,3,58.38,60.89,59.9,60.23,38.81
query40.sql,tpcds,3,18.3,18.45,18.84,19.09,19.97
query41.sql,tpcds,3,11.32,11.71,11.3,11.46,10.36
query42.sql,tpcds,3,12.75,13.1,12.85,12.47,13.44
query43.sql,tpcds,3,13.17,13.3,13.34,13.16,12.77
query44.sql,tpcds,3,16.78,16.97,17.14,17.05,15.32
query45.sql,tpcds,3,13.65,14.21,14.29,14.17,14.55
query46.sql,tpcds,3,15.21,15.42,15.36,15.3,15.05
query47.sql,tpcds,3,34.0,32.74,32.92,32.19,18.69
query48.sql,tpcds,3,14.71,15.68,14.37,14.63,14.26
query49.sql,tpcds,3,20.76,22.25,22.13,20.84,20.84
query5.sql,tpcds,3,19.71,20.23,20.97,20.3,20.00
query50.sql,tpcds,3,20.22,19.83,20.51,20.33,22.22
query51.sql,tpcds,3,30.95,30.86,30.82,29.88,23.05
query52.sql,tpcds,3,12.77,12.67,13.7,13.51,13.38
query53.sql,tpcds,3,14.64,14.58,14.68,14.86,14.58
query54.sql,tpcds,3,19.89,19.82,19.2,20.01,17.80
query55.sql,tpcds,3,13.65,14.26,13.55,13.88,13.67
query56.sql,tpcds,3,17.39,17.37,16.62,16.65,16.08
query57.sql,tpcds,3,24.3,24.0,24.08,23.62,15.08
query58.sql,tpcds,3,17.11,16.56,16.97,16.96,16.73
query59.sql,tpcds,3,16.64,18.42,18.03,18.07,15.90
query6.sql,tpcds,3,18.77,19.3,19.33,19.57,21.74
query60.sql,tpcds,3,17.7,17.91,17.61,17.32,17.33
query61.sql,tpcds,3,13.84,14.22,13.81,13.76,10.94
query62.sql,tpcds,3,14.6,14.3,14.59,14.63,14.30
query63.sql,tpcds,3,14.47,14.77,15.2,14.33,14.34
query64.sql,tpcds,3,52.12,50.76,50.63,51.79,36.01
query65.sql,tpcds,3,19.32,19.29,19.33,19.46,17.83
query66.sql,tpcds,3,17.49,16.94,17.16,17.92,16.12
query67.sql,tpcds,3,8.43,8.59,8.44,7.91,fail
query68.sql,tpcds,3,15.34,15.79,15.47,15.8,15.04
query69.sql,tpcds,3,15.58,16.17,16.09,16.26,12.07
query7.sql,tpcds,3,15.62,15.96,15.88,16.29,15.87
query70.sql,tpcds,3,16.23,16.27,15.57,16.06,15.75
query71.sql,tpcds,3,14.67,15.93,15.52,15.43,15.60
query72.sql,tpcds,3,34.14,35.32,33.73,34.49,36.15
query73.sql,tpcds,3,14.33,14.35,14.97,13.88,14.56
query74.sql,tpcds,3,41.5,42.74,41.63,42.03,26.84
query75.sql,tpcds,3,40.92,41.17,41.56,41.68,25.53
query76.sql,tpcds,3,15.34,15.87,15.04,15.34,15.45
query77.sql,tpcds,3,33.99,35.68,34.41,36.01,16.87
query78.sql,tpcds,3,38.84,39.11,37.74,38.64,36.40
query79.sql,tpcds,3,14.72,15.6,15.0,15.07,14.92
query8.sql,tpcds,3,14.52,15.21,14.65,15.13,14.24
query80.sql,tpcds,3,34.67,34.47,34.17,33.9,36.56
query81.sql,tpcds,3,16.84,16.71,16.85,17.19,15.31
query82.sql,tpcds,3,15.3,15.81,15.23,15.18,16.49
query83.sql,tpcds,3,15.39,15.38,16.25,15.66,14.93
query84.sql,tpcds,3,14.68,15.59,14.42,15.35,14.11
query85.sql,tpcds,3,17.94,17.93,18.37,18.69,18.02
query86.sql,tpcds,3,14.19,14.19,13.97,14.31,14.06
query87.sql,tpcds,3,25.49,24.78,25.51,25.16,21.12
query88.sql,tpcds,3,18.59,18.13,18.11,18.33,16.95
query89.sql,tpcds,3,14.96,15.4,15.24,15.35,15.21
query9.sql,tpcds,3,20.09,18.61,18.0,17.9,15.06
query90.sql,tpcds,3,12.57,12.81,13.12,12.66,12.65
query91.sql,tpcds,3,12.64,13.28,13.04,12.53,12.86
query92.sql,tpcds,3,14.22,14.56,15.11,14.33,14.42
query93.sql,tpcds,3,23.31,23.67,23.28,23.57,25.79
query94.sql,tpcds,3,18.59,19.89,18.54,19.0,19.58
query95.sql,tpcds,3,25.53,25.59,26.54,26.66,26.22
query96.sql,tpcds,3,11.82,12.44,11.76,12.45,11.80
query97.sql,tpcds,3,18.37,19.55,18.63,19.2,20.13
query98.sql,tpcds,3,14.69,15.36,15.21,14.64,14.79
query99.sql,tpcds,3,14.62,14.38,14.12,14.57,13.65
query1.sql,tpcds,4,17.31,17.39,16.68,16.25,15.87
query10.sql,tpcds,4,18.53,18.73,18.18,18.74,16.22
query11.sql,tpcds,4,40.51,41.09,41.61,42.86,28.09
query12.sql,tpcds,4,14.29,14.62,14.5,15.11,14.58
query13.sql,tpcds,4,14.23,14.98,13.93,13.66,15.34
query14.sql,tpcds,4,8.91,8.59,8.78,8.71,fail
query15.sql,tpcds,4,14.63,14.83,15.51,14.56,14.12
query16.sql,tpcds,4,21.3,21.62,21.53,21.15,15.65
query17.sql,tpcds,4,28.1,28.72,27.74,28.52,30.52
query18.sql,tpcds,4,15.33,16.34,16.39,15.85,15.58
query19.sql,tpcds,4,14.18,15.32,14.46,14.98,15.41
query2.sql,tpcds,4,16.26,16.44,16.33,15.95,15.12
query20.sql,tpcds,4,14.07,14.45,14.68,14.48,13.54
query21.sql,tpcds,4,13.82,14.33,14.21,12.98,14.31
query22.sql,tpcds,4,14.57,14.89,14.78,14.65,14.46
query23.sql,tpcds,4,8.87,8.56,8.49,8.49,fail
query24.sql,tpcds,4,8.72,8.66,8.35,8.67,fail
query25.sql,tpcds,4,27.74,25.96,28.04,27.98,28.88
query26.sql,tpcds,4,14.51,15.03,14.37,14.94,14.01
query27.sql,tpcds,4,15.25,15.38,14.57,15.11,15.39
query28.sql,tpcds,4,21.99,23.13,23.07,23.07,19.96
query29.sql,tpcds,4,26.61,28.09,27.14,26.72,29.33
query3.sql,tpcds,4,12.81,13.68,13.08,13.3,13.52
query30.sql,tpcds,4,8.45,8.42,8.96,8.86,fail
query31.sql,tpcds,4,23.39,22.21,21.76,23.86,19.54
query32.sql,tpcds,4,13.53,14.45,14.29,14.13,14.31
query33.sql,tpcds,4,18.0,16.98,16.87,17.07,16.11
query34.sql,tpcds,4,15.47,15.4,15.15,15.02,14.73
query35.sql,tpcds,4,21.32,22.36,21.11,21.96,17.31
query36.sql,tpcds,4,15.09,15.14,15.18,15.86,14.66
query37.sql,tpcds,4,14.03,15.05,14.99,14.2,15.74
query38.sql,tpcds,4,25.28,25.73,24.21,26.89,20.23
query39.sql,tpcds,4,8.35,8.08,8.5,8.33,fail
query4.sql,tpcds,4,60.26,62.01,59.94,61.96,37.71
query40.sql,tpcds,4,19.79,18.94,18.24,18.52,20.56
query41.sql,tpcds,4,11.59,12.39,11.15,11.0,10.66
query42.sql,tpcds,4,13.21,13.39,12.75,13.24,12.87
query43.sql,tpcds,4,12.91,14.18,13.18,13.4,12.90
query44.sql,tpcds,4,16.51,17.53,16.13,16.67,15.40
query45.sql,tpcds,4,13.94,13.95,13.45,13.9,14.42
query46.sql,tpcds,4,15.31,15.55,15.67,14.74,15.31
query47.sql,tpcds,4,32.46,32.48,32.79,32.96,18.43
query48.sql,tpcds,4,15.12,14.68,14.22,14.56,15.06
query49.sql,tpcds,4,21.82,21.73,21.32,22.18,20.73
query5.sql,tpcds,4,20.81,20.68,20.21,20.89,19.65
query50.sql,tpcds,4,19.93,20.61,20.1,19.89,23.43
query51.sql,tpcds,4,30.04,30.87,29.03,31.03,23.51
query52.sql,tpcds,4,13.09,13.34,13.32,12.87,12.91
query53.sql,tpcds,4,13.85,14.85,14.7,14.5,14.26
query54.sql,tpcds,4,18.72,19.46,19.79,19.67,18.10
query55.sql,tpcds,4,13.85,13.75,13.22,13.39,13.90
query56.sql,tpcds,4,16.54,16.9,16.18,16.74,15.78
query57.sql,tpcds,4,24.42,25.65,23.12,23.11,15.60
query58.sql,tpcds,4,17.95,16.61,17.18,17.35,17.15
query59.sql,tpcds,4,17.17,17.54,17.62,17.45,16.72
query6.sql,tpcds,4,18.96,19.01,19.19,19.58,22.94
query60.sql,tpcds,4,16.99,17.62,17.22,17.4,17.09
query61.sql,tpcds,4,13.73,13.45,13.83,13.45,11.04
query62.sql,tpcds,4,13.67,14.31,13.82,14.18,14.17
query63.sql,tpcds,4,14.39,14.13,14.55,14.31,14.39
query64.sql,tpcds,4,48.83,51.85,50.97,51.03,39.09
query65.sql,tpcds,4,18.59,18.96,18.81,19.3,18.82
query66.sql,tpcds,4,15.81,17.13,16.74,16.31,16.94
query67.sql,tpcds,4,8.29,8.29,7.97,8.73,fail
query68.sql,tpcds,4,14.98,15.41,15.12,15.18,14.95
query69.sql,tpcds,4,15.25,15.97,16.05,15.69,11.91
query7.sql,tpcds,4,15.49,16.02,15.77,15.37,14.54
query70.sql,tpcds,4,16.26,15.82,15.3,15.72,15.93
query71.sql,tpcds,4,15.54,15.73,14.78,15.25,14.91
query72.sql,tpcds,4,35.86,35.22,34.58,34.6,36.07
query73.sql,tpcds,4,14.86,14.54,14.46,14.1,14.62
query74.sql,tpcds,4,41.72,41.92,41.58,43.01,27.52
query75.sql,tpcds,4,41.25,41.6,42.13,40.79,24.47
query76.sql,tpcds,4,15.64,15.98,14.89,14.79,15.00
query77.sql,tpcds,4,35.27,35.23,35.24,34.97,17.25
query78.sql,tpcds,4,37.82,38.16,37.63,38.17,37.27
query79.sql,tpcds,4,14.63,15.9,14.94,14.81,14.49
query8.sql,tpcds,4,14.11,14.64,14.52,14.12,14.49
query80.sql,tpcds,4,33.04,34.24,33.78,33.42,36.49
query81.sql,tpcds,4,17.07,16.53,16.22,16.91,15.16
query82.sql,tpcds,4,15.24,14.92,15.37,15.43,16.54
query83.sql,tpcds,4,14.94,15.15,15.39,15.66,14.39
query84.sql,tpcds,4,14.26,15.08,14.75,14.86,14.53
query85.sql,tpcds,4,17.52,18.25,17.77,17.87,17.62
query86.sql,tpcds,4,14.18,14.79,14.95,13.84,13.78
query87.sql,tpcds,4,24.88,25.96,26.81,25.33,20.28
query88.sql,tpcds,4,16.77,17.67,18.33,18.58,18.36
query89.sql,tpcds,4,14.92,14.82,14.93,15.4,14.53
query9.sql,tpcds,4,18.83,18.57,18.19,18.5,15.07
query90.sql,tpcds,4,13.56,13.32,13.0,12.55,12.49
query91.sql,tpcds,4,12.87,13.35,13.98,12.86,12.89
query92.sql,tpcds,4,14.33,15.35,14.05,14.09,14.51
query93.sql,tpcds,4,24.53,23.64,23.35,23.74,31.28
query94.sql,tpcds,4,19.38,19.02,18.05,19.45,20.57
query95.sql,tpcds,4,25.81,26.07,26.1,25.66,25.60
query96.sql,tpcds,4,12.27,11.65,11.67,12.38,12.06
query97.sql,tpcds,4,18.15,18.9,18.01,18.47,20.24
query98.sql,tpcds,4,15.25,15.37,15.08,15.37,14.93
query99.sql,tpcds,4,13.92,14.01,14.05,14.21,14.55
query1.sql,tpcds,5,16.97,17.7,17.18,17.13,15.79
query10.sql,tpcds,5,18.68,19.28,18.17,18.89,15.59
query11.sql,tpcds,5,41.78,42.0,42.52,41.26,28.28
query12.sql,tpcds,5,14.61,14.98,14.53,14.52,14.12
query13.sql,tpcds,5,14.17,14.91,14.3,14.01,13.80
query14.sql,tpcds,5,8.79,8.83,8.41,8.54,fail
query15.sql,tpcds,5,14.73,15.3,14.15,15.37,14.60
query16.sql,tpcds,5,20.87,21.26,21.31,22.23,15.98
query17.sql,tpcds,5,26.06,27.59,27.8,26.78,30.15
query18.sql,tpcds,5,16.29,15.57,15.75,15.53,15.95
query19.sql,tpcds,5,13.71,15.07,14.93,14.98,15.89
query2.sql,tpcds,5,15.78,16.8,16.43,16.3,14.58
query20.sql,tpcds,5,14.51,14.52,14.81,14.61,14.13
query21.sql,tpcds,5,13.71,14.64,13.92,14.23,13.10
query22.sql,tpcds,5,14.98,14.62,14.73,14.51,14.63
query23.sql,tpcds,5,8.57,8.43,8.84,8.21,fail
query24.sql,tpcds,5,8.86,8.62,8.5,8.7,fail
query25.sql,tpcds,5,27.25,27.08,28.38,27.8,29.78
query26.sql,tpcds,5,14.62,14.37,14.02,14.89,14.46
query27.sql,tpcds,5,15.38,15.25,15.52,14.85,14.91
query28.sql,tpcds,5,22.14,22.04,22.81,23.16,20.64
query29.sql,tpcds,5,27.38,25.9,26.12,27.94,29.54
query3.sql,tpcds,5,13.09,12.64,13.02,13.83,13.16
query30.sql,tpcds,5,8.81,8.58,8.71,8.98,fail
query31.sql,tpcds,5,22.45,23.71,23.49,21.92,20.78
query32.sql,tpcds,5,14.45,14.34,13.84,14.58,14.20
query33.sql,tpcds,5,16.96,18.14,16.94,17.83,16.58
query34.sql,tpcds,5,16.24,14.83,15.31,15.34,14.81
query35.sql,tpcds,5,21.56,21.77,21.28,21.44,16.66
query36.sql,tpcds,5,14.45,15.14,14.52,14.73,14.43
query37.sql,tpcds,5,14.6,14.38,14.57,14.77,15.13
query38.sql,tpcds,5,25.36,25.24,25.54,25.11,20.83
query39.sql,tpcds,5,8.72,8.71,8.32,8.29,fail
query4.sql,tpcds,5,59.75,61.48,60.62,59.74,37.41
query40.sql,tpcds,5,18.82,19.42,18.44,18.77,22.07
query41.sql,tpcds,5,11.52,12.74,11.37,11.49,10.16
query42.sql,tpcds,5,13.68,13.18,12.76,13.35,12.53
query43.sql,tpcds,5,13.45,13.68,13.2,12.55,13.05
query44.sql,tpcds,5,16.98,17.09,17.03,16.83,15.54
query45.sql,tpcds,5,13.91,14.25,13.71,13.94,14.53
query46.sql,tpcds,5,15.36,15.86,14.81,14.99,15.21
query47.sql,tpcds,5,32.39,33.94,32.96,33.61,19.37
query48.sql,tpcds,5,15.54,15.37,16.36,14.85,14.64
query49.sql,tpcds,5,21.52,22.01,22.36,24.0,20.95
query5.sql,tpcds,5,20.48,20.12,20.69,20.59,19.79
query50.sql,tpcds,5,19.82,20.04,20.05,20.4,23.21
query51.sql,tpcds,5,30.82,30.68,29.42,31.47,23.94
query52.sql,tpcds,5,13.41,13.42,13.08,12.99,13.49
query53.sql,tpcds,5,14.3,14.8,14.32,14.62,14.41
query54.sql,tpcds,5,19.71,20.13,19.21,19.84,18.34
query55.sql,tpcds,5,14.54,14.95,13.59,14.14,13.13
query56.sql,tpcds,5,17.11,17.47,16.62,16.74,16.42
query57.sql,tpcds,5,24.17,23.31,23.8,24.19,15.86
query58.sql,tpcds,5,16.22,17.57,16.77,16.48,16.51
query59.sql,tpcds,5,16.78,18.1,17.5,17.85,16.08
query6.sql,tpcds,5,19.01,19.77,19.17,19.55,22.72
query60.sql,tpcds,5,17.65,17.56,16.6,17.56,17.51
query61.sql,tpcds,5,14.29,14.14,13.61,13.56,10.73
query62.sql,tpcds,5,14.35,14.45,14.33,14.16,13.81
query63.sql,tpcds,5,14.96,15.16,14.81,14.39,14.26
query64.sql,tpcds,5,50.39,51.22,50.18,51.19,35.95
query65.sql,tpcds,5,19.19,19.2,19.17,19.06,19.07
query66.sql,tpcds,5,17.28,17.81,16.5,16.6,16.74
query67.sql,tpcds,5,8.35,8.39,8.36,7.93,fail
query68.sql,tpcds,5,15.43,16.09,15.91,15.63,15.49
query69.sql,tpcds,5,14.92,16.4,15.41,16.19,12.35
query7.sql,tpcds,5,15.53,15.44,15.76,16.19,16.30
query70.sql,tpcds,5,15.29,16.7,16.37,15.83,16.05
query71.sql,tpcds,5,14.97,15.78,15.29,14.45,15.11
query72.sql,tpcds,5,35.1,35.66,34.05,33.53,36.80
query73.sql,tpcds,5,14.67,15.2,13.73,14.3,14.52
query74.sql,tpcds,5,39.62,41.97,41.94,41.36,26.44
query75.sql,tpcds,5,42.67,41.29,41.52,41.83,25.07
query76.sql,tpcds,5,14.81,15.43,14.94,15.86,15.32
query77.sql,tpcds,5,37.02,36.64,36.01,35.21,18.17
query78.sql,tpcds,5,37.76,39.53,38.26,37.9,36.11
query79.sql,tpcds,5,14.66,15.3,14.82,14.86,14.69
query8.sql,tpcds,5,14.92,14.75,14.27,14.69,14.72
query80.sql,tpcds,5,34.0,33.33,32.86,33.42,37.04
query81.sql,tpcds,5,17.04,16.41,17.09,16.74,15.27
query82.sql,tpcds,5,15.45,15.2,14.97,15.14,16.12
query83.sql,tpcds,5,15.54,15.49,15.95,15.7,14.83
query84.sql,tpcds,5,15.04,14.68,14.48,14.83,14.18
query85.sql,tpcds,5,18.53,18.9,18.87,17.62,18.43
query86.sql,tpcds,5,13.71,14.42,14.25,13.99,13.79
query87.sql,tpcds,5,25.89,26.1,25.15,25.46,20.51
query88.sql,tpcds,5,18.86,18.35,18.07,18.05,18.12
query89.sql,tpcds,5,14.89,15.76,15.29,14.77,15.17
query9.sql,tpcds,5,18.87,18.57,18.98,18.57,14.88
query90.sql,tpcds,5,13.55,13.18,13.55,13.13,12.41
query91.sql,tpcds,5,12.92,13.53,12.78,12.75,13.08
query92.sql,tpcds,5,14.07,14.94,13.65,13.71,15.06
query93.sql,tpcds,5,24.2,24.29,23.16,23.08,25.85
query94.sql,tpcds,5,19.02,19.3,18.6,18.46,19.98
query95.sql,tpcds,5,26.39,25.76,26.05,26.84,25.63
query96.sql,tpcds,5,11.77,11.93,12.0,11.48,12.42
query97.sql,tpcds,5,18.76,19.82,17.38,18.77,19.62
query98.sql,tpcds,5,15.0,15.1,15.13,15.1,15.18
query99.sql,tpcds,5,13.8,14.8,14.31,14.39,14.07
query1.sql,tpcds,6,16.5,17.44,16.52,16.61,16.13
query10.sql,tpcds,6,18.19,19.08,18.82,18.82,16.37
query11.sql,tpcds,6,42.21,42.67,42.51,41.37,28.98
query12.sql,tpcds,6,14.59,14.61,14.85,15.06,14.24
query13.sql,tpcds,6,13.83,15.13,14.03,13.33,14.06
query14.sql,tpcds,6,8.42,8.43,8.55,8.12,fail
query15.sql,tpcds,6,15.37,14.93,14.43,14.09,14.74
query16.sql,tpcds,6,20.65,22.46,20.56,21.34,16.51
query17.sql,tpcds,6,28.41,27.98,26.29,26.96,30.65
query18.sql,tpcds,6,15.65,16.52,15.33,15.66,16.41
query19.sql,tpcds,6,14.51,14.48,14.18,14.64,14.87
query2.sql,tpcds,6,16.53,16.46,16.19,16.7,14.86
query20.sql,tpcds,6,14.12,14.34,14.04,14.61,14.11
query21.sql,tpcds,6,13.84,14.23,13.56,14.27,13.66
query22.sql,tpcds,6,14.56,14.61,14.51,14.1,14.34
query23.sql,tpcds,6,8.48,8.43,8.76,8.24,fail
query24.sql,tpcds,6,8.53,8.75,8.36,8.49,fail
query25.sql,tpcds,6,26.67,26.72,26.17,26.94,29.53
query26.sql,tpcds,6,14.04,15.31,14.09,14.18,14.92
query27.sql,tpcds,6,15.43,15.73,14.84,15.09,15.86
query28.sql,tpcds,6,23.14,23.09,22.05,22.77,18.67
query29.sql,tpcds,6,27.76,27.04,26.21,25.67,29.92
query3.sql,tpcds,6,13.1,13.16,12.78,12.52,13.30
query30.sql,tpcds,6,8.34,8.71,8.68,8.7,fail
query31.sql,tpcds,6,22.98,21.95,22.62,21.77,18.79
query32.sql,tpcds,6,14.12,14.58,13.81,14.38,14.29
query33.sql,tpcds,6,17.57,17.3,17.92,16.89,15.72
query34.sql,tpcds,6,14.4,15.67,14.84,15.27,14.39
query35.sql,tpcds,6,21.55,21.72,20.7,20.88,17.19
query36.sql,tpcds,6,14.86,15.26,15.09,15.07,14.94
query37.sql,tpcds,6,14.1,15.2,14.46,14.08,16.11
query38.sql,tpcds,6,26.28,25.32,25.64,25.67,20.01
query39.sql,tpcds,6,8.43,8.42,8.61,8.51,fail
query4.sql,tpcds,6,61.35,60.39,61.27,61.01,37.67
query40.sql,tpcds,6,18.43,19.54,19.46,17.56,20.11
query41.sql,tpcds,6,10.98,11.87,10.84,11.16,10.52
query42.sql,tpcds,6,12.12,13.17,13.15,12.8,12.95
query43.sql,tpcds,6,12.8,13.46,12.99,13.0,12.88
query44.sql,tpcds,6,17.28,16.99,17.02,16.66,15.34
query45.sql,tpcds,6,14.67,14.51,14.25,14.41,13.15
query46.sql,tpcds,6,15.24,15.47,15.14,15.27,15.12
query47.sql,tpcds,6,32.27,32.65,32.34,32.7,19.12
query48.sql,tpcds,6,15.26,14.4,14.85,14.96,15.07
query49.sql,tpcds,6,21.57,22.1,21.51,22.43,20.46
query5.sql,tpcds,6,20.02,20.24,20.16,20.24,20.10
query50.sql,tpcds,6,20.09,20.72,20.56,20.09,22.35
query51.sql,tpcds,6,30.78,30.62,29.75,30.43,23.53
query52.sql,tpcds,6,13.45,13.6,13.16,13.61,12.80
query53.sql,tpcds,6,14.17,14.16,14.25,14.74,14.28
query54.sql,tpcds,6,19.68,20.42,20.13,19.28,19.43
query55.sql,tpcds,6,14.11,13.96,14.42,13.18,13.31
query56.sql,tpcds,6,18.03,17.36,17.15,17.02,16.33
query57.sql,tpcds,6,24.7,23.93,23.57,23.61,15.29
query58.sql,tpcds,6,16.38,17.07,16.84,17.25,16.29
query59.sql,tpcds,6,17.53,17.41,17.2,17.58,16.38
query6.sql,tpcds,6,18.88,19.41,19.37,19.06,22.89
query60.sql,tpcds,6,17.56,17.67,17.26,17.02,18.23
query61.sql,tpcds,6,13.77,14.23,13.5,13.59,11.11
query62.sql,tpcds,6,13.82,13.94,13.94,14.39,14.09
query63.sql,tpcds,6,14.61,14.15,14.13,14.49,14.12
query64.sql,tpcds,6,51.93,50.32,50.9,52.72,37.10
query65.sql,tpcds,6,19.9,19.76,19.59,19.39,19.17
query66.sql,tpcds,6,16.77,17.26,17.28,16.54,16.35
query67.sql,tpcds,6,8.34,7.94,8.22,8.13,fail
query68.sql,tpcds,6,15.45,15.27,15.11,15.24,14.72
query69.sql,tpcds,6,15.67,16.7,15.38,15.44,11.53
query7.sql,tpcds,6,15.83,16.26,15.83,15.76,16.42
query70.sql,tpcds,6,16.05,16.25,15.83,15.24,16.11
query71.sql,tpcds,6,15.72,15.9,14.9,15.14,14.94
query72.sql,tpcds,6,34.97,34.79,34.61,33.46,36.71
query73.sql,tpcds,6,14.46,14.75,14.92,13.94,14.28
query74.sql,tpcds,6,40.77,41.37,41.39,42.62,27.50
query75.sql,tpcds,6,40.55,41.2,41.16,40.15,25.16
query76.sql,tpcds,6,15.71,15.73,14.92,15.86,15.55
query77.sql,tpcds,6,35.43,35.2,34.56,36.25,16.67
query78.sql,tpcds,6,37.51,37.03,37.1,39.23,36.20
query79.sql,tpcds,6,15.03,15.12,15.03,15.1,14.71
query8.sql,tpcds,6,14.95,14.8,15.09,14.48,14.38
query80.sql,tpcds,6,33.13,33.59,33.1,32.28,38.53
query81.sql,tpcds,6,16.57,16.83,16.63,17.21,15.37
query82.sql,tpcds,6,14.67,14.92,15.96,15.9,16.53
query83.sql,tpcds,6,15.13,15.12,15.36,16.22,14.59
query84.sql,tpcds,6,14.89,14.64,14.98,14.85,13.90
query85.sql,tpcds,6,18.0,18.35,17.95,17.88,17.71
query86.sql,tpcds,6,13.82,13.94,14.19,13.64,13.48
query87.sql,tpcds,6,26.02,26.25,25.43,25.94,20.63
query88.sql,tpcds,6,18.38,17.97,18.61,18.43,16.92
query89.sql,tpcds,6,15.73,15.74,16.0,14.91,14.98
query9.sql,tpcds,6,19.58,19.13,19.19,18.63,15.66
query90.sql,tpcds,6,13.15,13.29,13.31,13.04,12.82
query91.sql,tpcds,6,13.02,12.85,12.96,13.04,12.81
query92.sql,tpcds,6,14.71,14.42,14.37,15.0,14.94
query93.sql,tpcds,6,23.81,23.7,23.67,23.83,26.79
query94.sql,tpcds,6,20.35,18.96,18.97,18.66,19.18
query95.sql,tpcds,6,25.17,26.16,25.48,26.14,27.10
query96.sql,tpcds,6,12.53,12.0,11.43,11.31,11.96
query97.sql,tpcds,6,18.15,19.74,18.84,18.74,18.89
query98.sql,tpcds,6,14.94,15.25,14.93,14.9,14.87
query99.sql,tpcds,6,13.62,13.89,13.89,13.72,13.87
query1.sql,tpcds,7,16.9,16.89,16.45,16.77,15.23
query10.sql,tpcds,7,18.38,18.97,18.71,18.53,16.17
query11.sql,tpcds,7,41.82,42.86,42.38,42.83,31.39
query12.sql,tpcds,7,14.62,15.01,15.0,14.33,14.62
query13.sql,tpcds,7,14.88,14.25,14.19,13.8,14.40
query14.sql,tpcds,7,8.73,8.4,8.66,8.59,fail
query15.sql,tpcds,7,14.79,15.19,14.69,14.54,14.59
query16.sql,tpcds,7,21.33,21.79,21.56,20.09,15.74
query17.sql,tpcds,7,27.22,27.82,27.62,25.98,29.90
query18.sql,tpcds,7,16.2,16.48,15.94,16.02,16.38
query19.sql,tpcds,7,15.1,15.58,14.79,15.1,14.75
query2.sql,tpcds,7,16.25,17.04,16.07,16.78,14.66
query20.sql,tpcds,7,14.81,14.38,14.51,14.01,13.80
query21.sql,tpcds,7,13.71,13.68,13.93,14.16,13.57
query22.sql,tpcds,7,14.91,14.62,14.99,15.22,15.15
query23.sql,tpcds,7,8.38,8.82,8.51,8.9,fail
query24.sql,tpcds,7,8.54,8.54,8.23,8.55,fail
query25.sql,tpcds,7,27.07,26.49,27.41,28.94,29.53
query26.sql,tpcds,7,13.67,14.84,14.38,14.55,15.08
query27.sql,tpcds,7,15.23,15.6,15.61,15.27,15.63
query28.sql,tpcds,7,21.6,22.36,21.54,22.3,20.96
query29.sql,tpcds,7,27.31,28.27,27.11,27.08,30.43
query3.sql,tpcds,7,12.8,13.47,13.06,13.19,13.14
query30.sql,tpcds,7,8.75,8.62,8.79,8.56,fail
query31.sql,tpcds,7,22.52,23.27,24.25,22.5,19.54
query32.sql,tpcds,7,14.05,14.39,14.13,14.19,14.60
query33.sql,tpcds,7,16.85,17.86,17.2,17.36,16.49
query34.sql,tpcds,7,15.59,14.55,15.92,15.3,14.33
query35.sql,tpcds,7,21.44,21.66,21.57,20.84,17.05
query36.sql,tpcds,7,15.12,15.42,14.78,15.21,14.71
query37.sql,tpcds,7,14.91,14.43,14.3,14.66,15.95
query38.sql,tpcds,7,26.91,25.81,25.61,25.61,20.23
query39.sql,tpcds,7,8.47,8.56,8.49,8.38,fail
query4.sql,tpcds,7,60.79,63.05,60.47,61.01,37.79
query40.sql,tpcds,7,19.23,19.37,19.2,19.1,19.36
query41.sql,tpcds,7,11.31,11.63,11.65,11.28,10.22
query42.sql,tpcds,7,12.65,13.22,13.24,12.73,12.49
query43.sql,tpcds,7,13.53,13.3,13.32,13.18,13.76
query44.sql,tpcds,7,17.18,17.65,15.92,16.79,14.58
query45.sql,tpcds,7,13.56,14.6,13.81,13.84,13.66
query46.sql,tpcds,7,15.39,14.44,15.52,15.65,15.75
query47.sql,tpcds,7,33.21,33.02,32.93,32.53,19.23
query48.sql,tpcds,7,14.36,14.91,14.97,14.12,14.88
query49.sql,tpcds,7,21.19,22.48,21.77,23.53,20.68
query5.sql,tpcds,7,20.69,21.37,22.22,20.34,19.56
query50.sql,tpcds,7,19.99,19.88,20.09,20.07,24.37
query51.sql,tpcds,7,29.46,29.69,29.6,29.15,23.03
query52.sql,tpcds,7,12.74,14.0,13.12,12.95,12.96
query53.sql,tpcds,7,14.88,14.58,14.38,14.35,14.03
query54.sql,tpcds,7,20.29,20.5,19.89,19.2,17.74
query55.sql,tpcds,7,13.88,13.94,13.53,13.64,14.17
query56.sql,tpcds,7,16.61,19.39,17.0,17.25,16.19
query57.sql,tpcds,7,23.56,24.26,23.73,24.16,14.58
query58.sql,tpcds,7,16.87,16.9,16.66,16.89,16.82
query59.sql,tpcds,7,17.24,18.14,17.46,17.35,15.67
query6.sql,tpcds,7,18.52,19.87,18.97,18.59,19.10
query60.sql,tpcds,7,17.47,19.05,19.05,17.16,16.99
query61.sql,tpcds,7,13.52,14.18,13.9,14.4,10.43
query62.sql,tpcds,7,13.99,14.26,14.25,14.26,14.45
query63.sql,tpcds,7,14.53,14.93,14.78,14.38,14.04
query64.sql,tpcds,7,52.18,49.9,50.37,52.55,37.40
query65.sql,tpcds,7,19.46,19.84,19.84,19.11,17.95
query66.sql,tpcds,7,16.03,16.23,17.11,16.89,16.70
query67.sql,tpcds,7,8.2,8.32,8.4,8.21,fail
query68.sql,tpcds,7,15.57,15.27,15.59,16.29,15.79
query69.sql,tpcds,7,15.31,16.72,15.45,15.4,11.84
query7.sql,tpcds,7,15.32,15.95,16.41,15.71,15.76
query70.sql,tpcds,7,15.74,16.41,16.1,15.58,15.49
query71.sql,tpcds,7,14.57,16.18,15.11,15.12,15.30
query72.sql,tpcds,7,34.05,34.42,33.86,34.54,37.01
query73.sql,tpcds,7,13.8,14.36,13.77,14.77,14.55
query74.sql,tpcds,7,41.43,42.2,42.23,41.48,26.00
query75.sql,tpcds,7,41.8,44.35,41.86,40.85,26.22
query76.sql,tpcds,7,15.84,15.75,15.24,15.95,14.79
query77.sql,tpcds,7,35.69,35.06,35.0,35.94,17.35
query78.sql,tpcds,7,36.78,38.02,38.19,37.22,35.61
query79.sql,tpcds,7,15.26,15.09,15.08,14.81,14.86
query8.sql,tpcds,7,14.61,15.13,14.88,14.81,14.63
query80.sql,tpcds,7,33.63,32.72,33.61,32.51,35.44
query81.sql,tpcds,7,16.83,17.44,16.87,16.33,15.37
query82.sql,tpcds,7,14.98,15.42,15.53,14.97,16.95
query83.sql,tpcds,7,16.06,15.37,15.45,15.45,15.49
query84.sql,tpcds,7,15.18,15.32,14.31,14.65,14.13
query85.sql,tpcds,7,18.66,18.32,18.28,18.26,18.43
query86.sql,tpcds,7,13.88,14.87,13.94,14.28,13.40
query87.sql,tpcds,7,25.52,25.33,26.32,25.45,19.81
query88.sql,tpcds,7,17.83,18.35,17.27,17.81,17.90
query89.sql,tpcds,7,15.22,15.41,15.23,15.53,15.02
query9.sql,tpcds,7,18.26,18.37,18.6,18.34,15.17
query90.sql,tpcds,7,12.75,13.46,12.8,13.2,12.69
query91.sql,tpcds,7,12.88,12.98,13.41,13.17,13.53
query92.sql,tpcds,7,14.97,19.23,14.46,14.24,14.64
query93.sql,tpcds,7,24.0,23.56,23.64,23.0,26.00
query94.sql,tpcds,7,20.35,19.55,19.38,19.02,20.25
query95.sql,tpcds,7,26.81,25.11,25.87,25.64,26.04
query96.sql,tpcds,7,12.36,12.2,12.11,11.82,12.57
query97.sql,tpcds,7,18.77,20.52,19.79,19.02,20.80
query98.sql,tpcds,7,15.53,15.25,15.5,14.77,14.74
query99.sql,tpcds,7,14.09,14.75,13.96,14.48,14.40
query1.sql,tpcds,8,17.12,17.76,17.25,16.93,15.66
query10.sql,tpcds,8,19.04,18.61,18.92,19.48,16.37
query11.sql,tpcds,8,42.15,43.71,41.6,42.23,27.59
query12.sql,tpcds,8,14.42,14.77,14.74,14.81,14.53
query13.sql,tpcds,8,13.29,14.18,13.78,13.71,13.69
query14.sql,tpcds,8,8.68,8.6,8.67,8.38,fail
query15.sql,tpcds,8,14.94,14.43,14.44,14.61,14.33
query16.sql,tpcds,8,21.76,21.27,21.2,20.96,15.77
query17.sql,tpcds,8,27.28,26.86,26.37,27.08,30.24
query18.sql,tpcds,8,15.78,16.1,16.19,15.3,16.17
query19.sql,tpcds,8,14.06,14.96,14.35,14.55,15.43
query2.sql,tpcds,8,16.96,16.53,17.28,16.73,15.14
query20.sql,tpcds,8,14.11,14.82,14.82,14.66,13.58
query21.sql,tpcds,8,13.8,14.39,14.6,14.11,13.21
query22.sql,tpcds,8,13.82,14.41,14.13,14.15,14.92
query23.sql,tpcds,8,8.69,8.72,8.45,8.72,fail
query24.sql,tpcds,8,8.29,8.6,8.2,8.22,fail
query25.sql,tpcds,8,25.7,28.58,26.97,27.3,29.85
query26.sql,tpcds,8,14.54,14.86,14.26,14.89,14.77
query27.sql,tpcds,8,15.33,14.97,15.27,15.06,15.60
query28.sql,tpcds,8,20.77,23.11,22.49,22.4,20.14
query29.sql,tpcds,8,25.76,27.46,27.66,27.77,29.45
query3.sql,tpcds,8,12.69,13.19,12.62,13.12,12.90
query30.sql,tpcds,8,8.7,8.77,8.54,8.74,fail
query31.sql,tpcds,8,22.71,23.09,23.4,22.4,20.68
query32.sql,tpcds,8,14.01,14.29,14.15,14.57,14.13
query33.sql,tpcds,8,16.79,17.13,17.95,17.46,15.85
query34.sql,tpcds,8,14.82,15.67,15.55,16.83,14.61
query35.sql,tpcds,8,21.65,22.05,20.57,22.38,17.51
query36.sql,tpcds,8,14.96,15.52,15.03,15.53,14.92
query37.sql,tpcds,8,15.28,14.77,14.19,14.15,15.68
query38.sql,tpcds,8,25.79,26.12,26.01,26.32,19.96
query39.sql,tpcds,8,8.52,8.54,8.59,8.51,fail
query4.sql,tpcds,8,59.79,60.69,59.72,63.27,39.55
query40.sql,tpcds,8,18.77,19.18,18.71,19.6,19.22
query41.sql,tpcds,8,11.32,12.1,11.56,11.37,10.95
query42.sql,tpcds,8,12.63,12.9,12.44,12.77,12.75
query43.sql,tpcds,8,13.33,12.89,13.39,13.25,13.22
query44.sql,tpcds,8,16.68,17.28,17.07,16.97,14.75
query45.sql,tpcds,8,14.09,14.04,13.42,14.04,14.67
query46.sql,tpcds,8,15.27,15.68,15.32,15.45,15.94
query47.sql,tpcds,8,32.32,33.94,32.89,33.01,18.77
query48.sql,tpcds,8,16.16,15.38,14.99,14.87,14.84
query49.sql,tpcds,8,21.28,22.69,22.26,21.62,20.56
query5.sql,tpcds,8,20.36,21.09,21.81,20.61,20.14
query50.sql,tpcds,8,19.71,20.66,19.74,20.83,22.16
query51.sql,tpcds,8,30.7,29.63,29.72,30.6,23.69
query52.sql,tpcds,8,13.22,13.72,13.02,13.2,12.92
query53.sql,tpcds,8,14.66,15.08,15.0,14.7,13.96
query54.sql,tpcds,8,19.44,20.46,20.43,19.72,18.70
query55.sql,tpcds,8,13.49,14.04,13.93,13.5,13.56
query56.sql,tpcds,8,17.82,17.18,17.81,16.48,16.27
query57.sql,tpcds,8,24.2,23.62,23.88,23.92,15.60
query58.sql,tpcds,8,16.32,17.47,17.21,16.32,17.03
query59.sql,tpcds,8,17.49,18.07,17.97,16.96,16.09
query6.sql,tpcds,8,19.28,20.19,18.32,19.33,19.09
query60.sql,tpcds,8,17.07,17.11,16.97,18.05,17.50
query61.sql,tpcds,8,13.24,13.67,14.08,13.66,10.30
query62.sql,tpcds,8,14.64,14.58,14.63,14.12,13.77
query63.sql,tpcds,8,14.24,14.68,14.6,14.72,13.92
query64.sql,tpcds,8,52.43,51.51,50.71,50.11,36.93
query65.sql,tpcds,8,18.94,19.74,18.47,20.05,18.96
query66.sql,tpcds,8,17.06,17.18,16.78,16.86,16.28
query67.sql,tpcds,8,8.2,8.52,8.11,8.14,fail
query68.sql,tpcds,8,15.66,15.59,15.31,15.62,15.49
query69.sql,tpcds,8,15.25,17.33,16.25,15.31,11.88
query7.sql,tpcds,8,15.73,15.71,15.66,15.73,16.10
query70.sql,tpcds,8,16.24,16.4,16.13,16.08,15.20
query71.sql,tpcds,8,15.61,15.22,15.95,15.43,15.56
query72.sql,tpcds,8,34.37,35.51,34.96,35.02,36.11
query73.sql,tpcds,8,14.45,15.03,15.11,15.34,20.22
query74.sql,tpcds,8,42.61,41.57,40.8,40.76,27.96
query75.sql,tpcds,8,42.27,42.09,41.89,41.64,25.54
query76.sql,tpcds,8,15.86,15.49,15.46,15.02,15.24
query77.sql,tpcds,8,35.39,35.45,35.52,36.09,17.87
query78.sql,tpcds,8,38.18,37.18,39.56,37.0,35.71
query79.sql,tpcds,8,15.27,15.41,15.32,14.68,14.64
query8.sql,tpcds,8,14.61,14.74,15.09,14.63,14.61
query80.sql,tpcds,8,34.28,34.8,33.11,34.24,34.63
query81.sql,tpcds,8,16.79,17.35,16.11,17.17,15.22
query82.sql,tpcds,8,14.12,15.62,15.04,14.65,16.62
query83.sql,tpcds,8,15.8,16.19,14.98,15.1,14.29
query84.sql,tpcds,8,14.76,15.06,14.94,14.36,14.44
query85.sql,tpcds,8,17.79,18.56,17.85,18.14,18.28
query86.sql,tpcds,8,14.46,14.34,14.24,14.15,13.87
query87.sql,tpcds,8,25.29,27.36,25.87,25.43,20.10
query88.sql,tpcds,8,17.28,17.77,17.93,17.96,17.55
query89.sql,tpcds,8,14.96,15.59,15.42,15.29,15.36
query9.sql,tpcds,8,17.66,19.36,18.45,18.02,14.96
query90.sql,tpcds,8,12.52,13.36,13.76,12.83,12.93
query91.sql,tpcds,8,12.97,13.6,13.25,13.18,13.35
query92.sql,tpcds,8,14.38,14.1,14.9,15.15,14.27
query93.sql,tpcds,8,23.52,24.51,23.43,23.57,25.85
query94.sql,tpcds,8,18.82,19.35,18.68,18.49,20.72
query95.sql,tpcds,8,25.92,25.81,25.97,25.52,25.95
query96.sql,tpcds,8,12.01,12.25,11.69,11.63,12.49
query97.sql,tpcds,8,19.25,18.58,20.09,19.56,18.83
query98.sql,tpcds,8,15.43,14.79,15.28,14.87,15.20
query99.sql,tpcds,8,13.65,14.83,14.73,14.08,13.73
query1.sql,tpcds,9,16.91,17.27,17.34,17.26,15.10
query10.sql,tpcds,9,19.31,19.61,18.63,18.28,16.78
query11.sql,tpcds,9,43.38,41.9,42.7,43.17,28.53
query12.sql,tpcds,9,14.47,14.82,14.7,15.24,14.08
query13.sql,tpcds,9,14.53,13.86,14.48,14.64,13.66
query14.sql,tpcds,9,8.88,8.69,8.6,8.21,fail
query15.sql,tpcds,9,14.37,15.07,15.32,14.13,14.83
query16.sql,tpcds,9,22.06,22.36,20.8,20.11,15.82
query17.sql,tpcds,9,26.57,27.37,27.21,28.18,30.52
query18.sql,tpcds,9,16.0,16.23,15.69,15.73,15.74
query19.sql,tpcds,9,14.56,15.06,14.13,15.13,14.67
query2.sql,tpcds,9,16.54,17.07,16.54,16.42,14.54
query20.sql,tpcds,9,14.28,15.44,14.58,14.71,13.58
query21.sql,tpcds,9,14.17,13.9,13.15,14.3,13.70
query22.sql,tpcds,9,14.06,14.81,14.37,14.1,15.04
query23.sql,tpcds,9,8.57,8.53,8.74,8.63,fail
query24.sql,tpcds,9,8.21,8.48,8.43,8.61,fail
query25.sql,tpcds,9,27.03,28.1,27.94,26.85,30.52
query26.sql,tpcds,9,14.56,14.29,15.15,13.93,15.10
query27.sql,tpcds,9,15.67,15.82,15.51,15.79,15.99
query28.sql,tpcds,9,21.49,23.44,22.02,23.16,19.98
query29.sql,tpcds,9,25.64,26.77,25.43,27.53,30.85
query3.sql,tpcds,9,12.95,13.25,13.75,12.93,12.88
query30.sql,tpcds,9,8.29,8.47,8.67,8.48,fail
query31.sql,tpcds,9,22.58,21.76,22.1,23.68,20.79
query32.sql,tpcds,9,13.97,14.17,14.21,14.09,14.60
query33.sql,tpcds,9,16.8,16.72,17.11,16.37,16.10
query34.sql,tpcds,9,15.66,15.84,15.52,15.61,14.63
query35.sql,tpcds,9,21.58,20.85,21.23,20.98,16.95
query36.sql,tpcds,9,14.95,14.79,14.91,14.86,15.24
query37.sql,tpcds,9,14.66,14.82,14.33,14.13,15.68
query38.sql,tpcds,9,25.36,24.88,24.5,24.86,20.10
query39.sql,tpcds,9,8.27,8.55,8.26,8.39,fail
query4.sql,tpcds,9,59.59,60.52,59.42,59.03,37.59
query40.sql,tpcds,9,19.48,18.76,19.07,19.27,20.18
query41.sql,tpcds,9,11.15,12.47,10.83,11.27,10.83
query42.sql,tpcds,9,12.8,12.74,12.86,12.25,12.50
query43.sql,tpcds,9,13.23,13.47,14.03,13.73,13.40
query44.sql,tpcds,9,16.09,16.33,16.16,16.7,15.39
query45.sql,tpcds,9,13.83,14.39,13.7,13.55,13.77
query46.sql,tpcds,9,15.54,15.67,15.38,14.69,14.85
query47.sql,tpcds,9,32.9,33.2,33.49,33.39,18.13
query48.sql,tpcds,9,14.99,15.89,15.52,14.31,15.17
query49.sql,tpcds,9,22.14,21.99,20.95,22.21,20.60
query5.sql,tpcds,9,20.54,21.07,20.09,20.28,19.79
query50.sql,tpcds,9,19.96,20.69,20.56,19.91,22.01
query51.sql,tpcds,9,31.01,30.26,30.42,30.14,24.04
query52.sql,tpcds,9,13.53,13.26,13.11,13.28,13.31
query53.sql,tpcds,9,14.31,14.62,14.55,14.54,14.50
query54.sql,tpcds,9,19.08,20.01,19.33,20.2,17.70
query55.sql,tpcds,9,13.41,13.67,13.78,14.34,14.76
query56.sql,tpcds,9,17.15,17.84,16.77,16.44,16.44
query57.sql,tpcds,9,23.77,24.35,24.65,24.28,15.25
query58.sql,tpcds,9,17.8,16.99,17.2,17.5,17.01
query59.sql,tpcds,9,17.79,17.59,17.68,17.59,16.07
query6.sql,tpcds,9,19.93,19.79,19.68,18.42,20.42
query60.sql,tpcds,9,17.82,18.06,18.02,17.46,16.84
query61.sql,tpcds,9,13.64,13.96,14.31,13.49,10.70
query62.sql,tpcds,9,14.15,14.38,14.35,14.01,14.33
query63.sql,tpcds,9,14.19,14.24,14.42,14.51,14.23
query64.sql,tpcds,9,48.98,52.35,50.93,51.17,35.89
query65.sql,tpcds,9,19.58,19.15,19.64,19.32,18.78
query66.sql,tpcds,9,16.72,16.91,18.02,17.39,16.96
query67.sql,tpcds,9,8.49,8.43,8.52,8.42,fail
query68.sql,tpcds,9,15.52,15.98,15.42,15.49,15.14
query69.sql,tpcds,9,15.91,16.8,15.87,15.42,12.47
query7.sql,tpcds,9,15.13,15.81,15.85,16.05,15.77
query70.sql,tpcds,9,16.06,15.84,15.13,16.19,15.70
query71.sql,tpcds,9,15.31,16.42,15.02,15.13,15.68
query72.sql,tpcds,9,34.88,35.47,33.06,35.68,36.08
query73.sql,tpcds,9,15.36,15.32,14.31,13.95,14.37
query74.sql,tpcds,9,40.85,42.48,41.53,41.64,26.96
query75.sql,tpcds,9,41.76,40.98,41.92,41.27,24.28
query76.sql,tpcds,9,15.02,15.35,15.22,15.03,15.25
query77.sql,tpcds,9,34.96,36.35,34.63,35.94,17.37
query78.sql,tpcds,9,38.01,39.46,37.71,39.22,37.43
query79.sql,tpcds,9,14.51,15.08,15.0,15.01,14.33
query8.sql,tpcds,9,14.5,14.92,14.74,14.62,14.22
query80.sql,tpcds,9,33.52,33.31,32.72,33.13,35.25
query81.sql,tpcds,9,16.74,16.99,17.27,16.63,14.87
query82.sql,tpcds,9,15.14,14.78,14.87,14.78,16.53
query83.sql,tpcds,9,15.2,15.8,15.78,15.57,14.47
query84.sql,tpcds,9,14.65,14.7,14.74,14.22,14.65
query85.sql,tpcds,9,17.79,17.9,18.44,17.82,18.64
query86.sql,tpcds,9,14.14,14.13,14.17,14.18,13.33
query87.sql,tpcds,9,25.21,26.48,25.88,25.54,20.87
query88.sql,tpcds,9,17.77,18.33,17.45,17.73,17.85
query89.sql,tpcds,9,15.45,15.41,15.12,14.81,14.91
query9.sql,tpcds,9,18.78,19.36,18.7,17.86,15.14
query90.sql,tpcds,9,13.54,13.65,12.61,13.63,12.46
query91.sql,tpcds,9,13.32,13.04,13.31,12.63,12.73
query92.sql,tpcds,9,14.51,14.12,14.51,13.96,14.36
query93.sql,tpcds,9,24.2,23.41,24.06,24.09,25.95
query94.sql,tpcds,9,18.02,19.21,18.75,18.51,19.85
query95.sql,tpcds,9,25.19,25.87,25.62,25.76,24.13
query96.sql,tpcds,9,11.47,12.09,11.81,12.17,12.07
query97.sql,tpcds,9,19.95,19.72,19.87,17.73,19.73
query98.sql,tpcds,9,14.91,15.18,15.04,15.23,15.21
query99.sql,tpcds,9,14.45,14.58,14.19,13.61,15.15
