query,dataset,run_number,listener_bare_time,listener_time_sec,listener_nowrite_time,listener_register_time,listener_rg_time,vanilla_time_sec
1.sql,tpch,1,30.85,30.85,31.05,30.99,31.41,30.63
10.sql,tpch,1,22.78,23.29,21.25,22.31,24.95,22.37
11.sql,tpch,1,11.63,13.55,12.0,12.22,13.35,11.93
12.sql,tpch,1,17.7,17.34,17.44,18.91,18.15,17.08
13.sql,tpch,1,18.76,17.24,18.27,18.24,18.33,18.76
14.sql,tpch,1,14.66,14.88,14.55,14.57,15.53,14.95
15.sql,tpch,1,16.98,17.4,16.89,16.88,18.22,17.46
16.sql,tpch,1,16.94,19.99,17.98,17.78,21.84,18.60
17.sql,tpch,1,33.25,34.29,34.47,33.57,36.63,33.20
18.sql,tpch,1,34.08,35.28,35.07,32.79,36.61,34.73
19.sql,tpch,1,14.69,14.55,14.2,14.88,16.05,14.78
2.sql,tpch,1,15.27,20.46,15.62,15.75,21.1,15.57
20.sql,tpch,1,16.25,23.32,16.68,16.61,23.51,16.63
21.sql,tpch,1,33.87,31.43,33.23,32.41,32.96,32.64
22.sql,tpch,1,15.96,15.1,14.17,15.96,15.09,15.46
3.sql,tpch,1,21.38,21.94,21.35,20.13,22.4,23.74
4.sql,tpch,1,24.63,18.76,26.14,25.09,18.03,22.61
5.sql,tpch,1,27.05,25.41,34.98,26.24,26.12,34.65
6.sql,tpch,1,11.49,12.05,11.72,11.22,13.03,11.34
7.sql,tpch,1,27.71,24.71,28.91,27.49,25.35,29.10
8.sql,tpch,1,24.44,27.73,24.07,24.83,29.06,23.97
9.sql,tpch,1,31.94,33.18,34.02,30.66,33.4,30.17
1.sql,tpch,2,31.07,32.18,31.58,32.09,32.58,32.22
10.sql,tpch,2,21.94,22.73,21.07,21.96,23.37,21.37
11.sql,tpch,2,12.04,13.24,12.22,12.02,14.75,12.35
12.sql,tpch,2,17.95,17.75,17.14,17.93,18.57,18.58
13.sql,tpch,2,18.9,19.08,19.22,17.27,18.62,18.03
14.sql,tpch,2,14.42,15.32,14.94,14.36,15.57,14.29
15.sql,tpch,2,16.29,17.48,17.46,16.18,17.93,16.61
16.sql,tpch,2,18.38,20.73,18.02,17.5,21.26,17.95
17.sql,tpch,2,34.86,35.44,32.47,34.35,34.57,34.84
18.sql,tpch,2,33.02,35.74,32.95,34.5,35.73,32.19
19.sql,tpch,2,14.66,15.33,15.45,14.57,16.12,14.75
2.sql,tpch,2,16.27,19.6,15.33,16.24,20.67,15.11
20.sql,tpch,2,16.98,24.4,16.53,16.72,23.55,17.30
21.sql,tpch,2,33.13,32.38,32.71,34.78,32.35,32.35
22.sql,tpch,2,15.5,15.0,14.8,16.35,15.25,15.84
3.sql,tpch,2,21.52,21.95,21.09,19.55,22.58,19.82
4.sql,tpch,2,26.8,18.4,19.06,24.79,18.34,24.56
5.sql,tpch,2,29.75,25.14,25.58,28.39,28.48,26.80
6.sql,tpch,2,11.63,11.98,10.91,11.95,12.67,11.37
7.sql,tpch,2,30.04,25.29,28.62,29.75,26.45,28.13
8.sql,tpch,2,24.11,29.77,23.75,25.02,29.11,24.30
9.sql,tpch,2,30.43,34.44,30.72,31.83,34.62,34.33
1.sql,tpch,3,32.86,31.75,31.91,30.98,32.55,32.93
10.sql,tpch,3,19.97,22.48,22.2,21.63,23.26,21.34
11.sql,tpch,3,12.44,13.46,12.46,11.97,13.98,12.23
12.sql,tpch,3,19.37,18.74,18.83,17.43,18.44,18.29
13.sql,tpch,3,18.07,18.61,18.17,19.88,18.59,18.91
14.sql,tpch,3,14.52,14.72,14.69,14.45,16.11,15.39
15.sql,tpch,3,16.54,17.4,16.38,16.57,19.11,16.96
16.sql,tpch,3,17.33,20.29,17.72,18.87,21.46,17.12
17.sql,tpch,3,33.28,35.51,34.6,33.61,35.36,34.49
18.sql,tpch,3,32.15,35.44,33.0,32.11,34.94,34.34
19.sql,tpch,3,14.6,15.7,15.0,14.54,15.69,14.95
2.sql,tpch,3,15.89,21.53,15.37,15.51,21.3,15.48
20.sql,tpch,3,16.71,24.38,16.53,16.78,23.39,16.10
21.sql,tpch,3,33.24,31.7,33.19,33.04,32.99,33.46
22.sql,tpch,3,15.91,15.04,15.81,15.76,15.63,14.61
3.sql,tpch,3,21.62,21.35,19.88,19.6,22.29,19.68
4.sql,tpch,3,19.07,18.6,26.93,25.68,17.68,25.91
5.sql,tpch,3,30.54,25.61,32.84,27.81,26.45,27.71
6.sql,tpch,3,12.12,11.87,12.06,11.95,12.74,11.98
7.sql,tpch,3,29.73,26.24,31.74,29.79,27.05,29.29
8.sql,tpch,3,23.94,29.12,25.3,25.1,28.9,24.68
9.sql,tpch,3,30.07,32.39,30.54,31.73,33.38,31.09
1.sql,tpch,4,30.7,31.13,32.16,31.2,33.04,31.55
10.sql,tpch,4,21.97,22.42,22.37,20.77,23.55,20.76
11.sql,tpch,4,12.11,13.4,12.12,12.28,14.06,12.40
12.sql,tpch,4,19.1,18.1,17.92,19.35,18.04,18.71
13.sql,tpch,4,18.05,18.88,18.59,20.06,18.08,18.25
14.sql,tpch,4,15.37,14.67,14.4,14.29,15.84,14.40
15.sql,tpch,4,16.29,18.12,17.48,17.41,18.72,17.11
16.sql,tpch,4,18.04,20.21,18.09,18.36,21.48,18.53
17.sql,tpch,4,34.05,34.38,35.29,32.97,35.64,34.14
18.sql,tpch,4,35.82,35.64,34.7,33.19,33.93,34.67
19.sql,tpch,4,14.97,15.37,15.66,14.65,15.62,15.28
2.sql,tpch,4,15.44,20.7,16.0,15.64,19.75,15.84
20.sql,tpch,4,16.95,24.72,16.97,16.7,23.52,16.78
21.sql,tpch,4,32.88,30.99,32.02,33.58,33.64,33.01
22.sql,tpch,4,16.38,14.96,16.07,16.12,15.7,16.40
3.sql,tpch,4,21.81,22.13,20.33,20.16,22.61,20.96
4.sql,tpch,4,22.46,17.73,24.67,24.54,18.29,18.53
5.sql,tpch,4,29.55,24.53,23.94,30.88,26.87,31.61
6.sql,tpch,4,11.64,12.23,11.84,11.57,12.98,11.65
7.sql,tpch,4,30.83,24.24,33.7,28.64,25.57,29.61
8.sql,tpch,4,22.93,27.95,23.2,25.28,28.17,25.25
9.sql,tpch,4,31.39,35.65,31.98,30.84,36.24,31.81
1.sql,tpch,5,32.4,32.29,31.81,31.66,31.67,30.69
10.sql,tpch,5,20.85,23.37,21.08,21.63,23.46,20.79
11.sql,tpch,5,12.43,13.46,12.18,12.62,14.5,12.04
12.sql,tpch,5,18.04,18.23,18.41,16.68,17.89,16.64
13.sql,tpch,5,20.25,19.91,19.64,17.63,17.88,19.97
14.sql,tpch,5,14.71,14.17,14.39,14.72,15.0,14.49
15.sql,tpch,5,17.65,17.97,17.95,17.88,18.24,17.40
16.sql,tpch,5,17.7,21.01,17.59,17.68,21.92,18.30
17.sql,tpch,5,33.83,35.63,33.19,34.71,36.41,32.62
18.sql,tpch,5,34.39,35.17,33.23,33.04,35.05,33.29
19.sql,tpch,5,14.86,15.7,15.78,15.44,15.74,15.45
2.sql,tpch,5,15.94,20.47,15.13,15.84,20.9,15.66
20.sql,tpch,5,16.37,24.04,17.25,16.61,23.9,16.65
21.sql,tpch,5,32.35,32.43,33.64,33.43,32.45,34.45
22.sql,tpch,5,15.41,15.03,16.24,16.27,15.63,16.33
3.sql,tpch,5,22.06,21.82,20.05,19.26,21.16,22.12
4.sql,tpch,5,21.48,17.44,25.82,25.58,17.89,26.07
5.sql,tpch,5,31.34,26.12,34.08,29.01,26.2,34.80
6.sql,tpch,5,11.45,11.71,12.19,12.21,12.42,12.03
7.sql,tpch,5,30.48,24.95,30.4,29.22,25.35,27.49
8.sql,tpch,5,23.95,27.85,24.5,24.16,28.35,25.35
9.sql,tpch,5,30.01,33.27,30.99,33.08,34.86,30.63
1.sql,tpch,6,30.79,31.52,30.24,30.43,31.61,31.35
10.sql,tpch,6,21.21,22.12,22.0,23.38,24.09,20.86
11.sql,tpch,6,12.06,12.98,12.34,12.35,13.67,12.41
12.sql,tpch,6,17.74,18.33,18.8,17.2,18.31,18.32
13.sql,tpch,6,19.4,19.07,18.47,18.54,18.91,17.57
14.sql,tpch,6,14.81,15.05,15.28,13.91,15.27,14.61
15.sql,tpch,6,17.87,18.67,17.36,16.9,18.3,16.72
16.sql,tpch,6,16.78,20.28,17.47,18.65,21.34,17.67
17.sql,tpch,6,33.93,33.94,34.77,34.18,35.55,35.67
18.sql,tpch,6,33.69,35.42,34.67,33.28,36.15,34.26
19.sql,tpch,6,15.06,15.04,15.26,15.01,16.35,14.84
2.sql,tpch,6,16.07,20.9,15.57,15.92,20.24,15.57
20.sql,tpch,6,16.91,23.59,16.9,16.73,24.03,16.74
21.sql,tpch,6,33.6,31.66,32.48,32.45,32.76,33.09
22.sql,tpch,6,15.96,14.81,14.46,15.15,15.15,14.68
3.sql,tpch,6,19.47,21.74,21.52,20.18,22.68,22.53
4.sql,tpch,6,24.48,17.86,23.27,20.77,18.31,24.60
5.sql,tpch,6,27.33,25.89,34.21,26.51,26.21,30.14
6.sql,tpch,6,11.47,12.2,11.03,12.09,12.71,11.22
7.sql,tpch,6,27.92,25.09,29.68,28.95,25.47,27.74
8.sql,tpch,6,24.35,28.68,24.47,23.9,29.64,24.60
9.sql,tpch,6,31.96,33.63,32.61,30.64,34.8,31.16
1.sql,tpch,7,31.5,31.48,30.99,32.17,31.69,31.49
10.sql,tpch,7,19.95,21.75,20.57,22.18,23.28,21.98
11.sql,tpch,7,12.36,12.87,12.34,12.01,13.81,12.30
12.sql,tpch,7,19.91,17.17,19.52,17.79,18.48,17.37
13.sql,tpch,7,20.03,18.47,18.32,18.22,18.35,19.40
14.sql,tpch,7,14.69,15.2,14.16,14.79,15.43,14.49
15.sql,tpch,7,16.65,18.19,17.99,16.79,18.39,16.68
16.sql,tpch,7,18.24,20.49,17.76,17.5,21.5,18.93
17.sql,tpch,7,34.31,34.13,33.95,34.57,37.14,34.88
18.sql,tpch,7,35.22,36.3,32.81,33.43,36.32,34.92
19.sql,tpch,7,14.99,15.39,14.48,14.95,17.67,14.59
2.sql,tpch,7,15.22,20.89,15.93,15.66,21.34,15.65
20.sql,tpch,7,16.95,24.15,16.86,16.87,25.0,16.90
21.sql,tpch,7,34.7,31.45,32.81,33.08,32.62,32.96
22.sql,tpch,7,15.63,14.45,16.55,16.54,15.18,16.25
3.sql,tpch,7,20.0,21.53,19.38,20.5,21.53,20.66
4.sql,tpch,7,23.39,17.86,25.28,24.91,17.99,23.37
5.sql,tpch,7,37.35,25.5,31.05,30.9,25.79,31.10
6.sql,tpch,7,11.84,12.11,11.6,11.47,12.89,12.00
7.sql,tpch,7,26.44,25.59,28.98,29.05,25.55,29.78
8.sql,tpch,7,25.39,29.11,24.23,25.25,28.12,24.64
9.sql,tpch,7,32.3,33.83,31.49,31.69,33.51,30.56
1.sql,tpch,8,30.28,32.49,31.48,31.9,32.79,30.05
10.sql,tpch,8,20.59,23.44,21.19,22.03,23.65,20.22
11.sql,tpch,8,11.99,12.44,11.85,11.74,14.16,12.52
12.sql,tpch,8,18.13,17.71,18.78,18.0,17.71,17.45
13.sql,tpch,8,18.33,17.93,18.03,19.46,18.8,19.53
14.sql,tpch,8,15.08,14.98,14.8,14.49,15.9,15.03
15.sql,tpch,8,16.13,18.08,18.58,17.42,18.05,17.86
16.sql,tpch,8,17.79,20.54,18.27,18.59,21.49,17.67
17.sql,tpch,8,33.4,35.78,33.7,33.29,36.31,34.10
18.sql,tpch,8,32.93,34.96,34.19,32.68,36.13,33.74
19.sql,tpch,8,15.38,14.46,14.84,15.5,16.15,14.43
2.sql,tpch,8,15.61,21.07,15.78,15.32,20.9,16.18
20.sql,tpch,8,16.42,24.14,17.08,16.43,24.29,16.10
21.sql,tpch,8,32.77,32.7,33.82,32.47,33.73,33.52
22.sql,tpch,8,15.81,14.87,16.26,15.54,15.76,16.11
3.sql,tpch,8,22.3,21.13,20.79,19.32,21.88,19.18
4.sql,tpch,8,22.81,17.55,27.25,22.69,18.74,19.63
5.sql,tpch,8,29.98,25.77,30.4,31.18,28.07,29.12
6.sql,tpch,8,11.87,11.92,11.95,11.64,12.61,11.33
7.sql,tpch,8,28.81,25.81,28.28,26.33,25.28,29.73
8.sql,tpch,8,24.4,29.73,26.0,23.59,29.37,24.41
9.sql,tpch,8,33.52,33.39,32.11,30.19,35.33,30.67
1.sql,tpch,9,32.53,32.27,31.14,32.12,31.76,31.81
10.sql,tpch,9,20.27,22.17,22.96,21.76,23.96,22.09
11.sql,tpch,9,12.27,13.23,12.33,12.34,13.69,12.26
12.sql,tpch,9,17.26,17.36,17.94,17.77,18.19,17.29
13.sql,tpch,9,18.71,18.55,17.98,18.84,18.59,19.45
14.sql,tpch,9,14.9,15.06,14.33,14.53,15.27,15.39
15.sql,tpch,9,18.32,17.46,16.95,16.78,17.67,16.93
16.sql,tpch,9,17.99,20.79,18.0,18.2,20.93,17.95
17.sql,tpch,9,35.27,35.72,34.82,33.31,37.29,35.09
18.sql,tpch,9,33.65,37.3,34.34,33.43,34.96,34.10
19.sql,tpch,9,15.08,15.55,14.98,14.58,16.36,14.96
2.sql,tpch,9,15.65,21.77,15.4,15.35,20.98,15.81
20.sql,tpch,9,16.61,23.36,16.7,16.59,23.92,16.96
21.sql,tpch,9,33.44,31.24,32.68,33.91,32.05,33.07
22.sql,tpch,9,15.54,15.53,14.7,15.73,15.53,16.25
3.sql,tpch,9,19.75,22.19,20.02,19.93,22.12,22.35
4.sql,tpch,9,26.08,17.81,25.33,18.62,17.98,27.05
5.sql,tpch,9,29.41,27.6,36.7,34.99,25.75,31.55
6.sql,tpch,9,11.42,11.78,12.06,11.75,12.27,12.07
7.sql,tpch,9,29.13,24.73,28.94,28.2,25.9,28.95
8.sql,tpch,9,23.85,29.32,24.15,23.95,28.89,24.20
9.sql,tpch,9,32.04,32.73,30.47,31.17,32.78,32.08
query1.sql,tpcds,1,15.88,17.42,15.66,15.14,18.62,15.27
query10.sql,tpcds,1,15.96,18.51,16.07,15.85,19.82,15.84
query11.sql,tpcds,1,29.24,42.69,28.48,27.0,43.94,28.24
query12.sql,tpcds,1,14.31,14.71,14.26,14.05,15.63,14.05
query13.sql,tpcds,1,13.8,13.76,14.41,14.57,14.79,14.84
query14.sql,tpcds,1,8.21,8.59,8.07,8.65,8.13,fail
query15.sql,tpcds,1,14.49,14.83,13.66,14.54,15.42,13.89
query16.sql,tpcds,1,16.18,20.54,16.23,15.89,22.57,16.00
query17.sql,tpcds,1,29.62,27.48,29.79,28.43,29.03,30.22
query18.sql,tpcds,1,15.66,16.28,14.83,15.91,16.23,16.34
query19.sql,tpcds,1,14.23,14.63,15.31,13.8,14.84,15.21
query2.sql,tpcds,1,14.68,17.38,14.85,14.66,16.81,14.80
query20.sql,tpcds,1,13.88,14.98,14.18,13.71,14.62,13.23
query21.sql,tpcds,1,13.61,14.46,13.83,13.44,14.63,13.76
query22.sql,tpcds,1,14.24,14.4,14.26,14.47,15.61,14.65
query23.sql,tpcds,1,8.57,8.56,8.0,8.57,8.55,fail
query24.sql,tpcds,1,8.23,8.42,8.41,8.18,8.35,fail
query25.sql,tpcds,1,29.67,27.01,29.87,30.46,27.59,29.82
query26.sql,tpcds,1,14.71,14.28,14.16,14.52,15.79,14.34
query27.sql,tpcds,1,15.77,15.76,15.17,15.61,16.19,14.61
query28.sql,tpcds,1,19.78,21.39,19.91,20.14,21.92,19.61
query29.sql,tpcds,1,29.93,27.93,29.79,29.78,28.72,29.16
query3.sql,tpcds,1,13.04,12.71,12.46,12.7,13.95,12.70
query30.sql,tpcds,1,8.3,8.71,8.13,8.59,8.68,fail
query31.sql,tpcds,1,19.74,22.01,19.87,20.58,24.25,19.69
query32.sql,tpcds,1,13.93,14.61,13.89,14.58,14.78,13.68
query33.sql,tpcds,1,16.04,16.4,15.86,15.78,18.24,16.20
query34.sql,tpcds,1,14.61,15.38,14.04,9.41,16.13,14.40
query35.sql,tpcds,1,17.02,20.55,17.2,16.76,22.14,17.44
query36.sql,tpcds,1,14.45,14.87,14.67,14.51,16.1,14.56
query37.sql,tpcds,1,15.65,14.94,14.99,15.52,14.89,15.78
query38.sql,tpcds,1,21.35,25.06,21.48,20.86,26.26,21.36
query39.sql,tpcds,1,8.36,8.45,8.38,8.11,8.48,fail
query4.sql,tpcds,1,38.4,11.33,37.72,37.57,62.78,37.84
query40.sql,tpcds,1,20.19,18.49,19.38,19.97,19.63,19.62
query41.sql,tpcds,1,10.36,12.17,10.13,10.54,12.34,10.34
query42.sql,tpcds,1,12.81,12.82,12.97,13.02,13.62,12.07
query43.sql,tpcds,1,13.09,13.51,13.27,13.25,14.39,12.84
query44.sql,tpcds,1,15.07,16.57,14.7,15.91,16.92,15.18
query45.sql,tpcds,1,13.6,13.87,14.48,14.27,15.51,13.70
query46.sql,tpcds,1,16.1,15.43,14.92,14.48,16.59,14.64
query47.sql,tpcds,1,19.06,32.76,18.05,17.93,33.97,18.99
query48.sql,tpcds,1,15.77,14.62,15.08,15.55,15.77,15.42
query49.sql,tpcds,1,20.67,23.63,19.89,20.17,23.32,20.80
query5.sql,tpcds,1,20.15,20.66,19.98,19.36,20.77,19.53
query50.sql,tpcds,1,34.39,19.73,22.04,21.79,21.0,24.86
query51.sql,tpcds,1,23.1,30.32,23.3,22.65,31.91,23.02
query52.sql,tpcds,1,13.11,13.47,13.31,12.5,14.37,12.78
query53.sql,tpcds,1,14.32,14.54,14.09,13.96,15.13,13.84
query54.sql,tpcds,1,17.94,19.61,18.11,18.26,19.56,17.94
query55.sql,tpcds,1,13.33,13.85,13.28,13.8,14.61,13.92
query56.sql,tpcds,1,15.28,16.49,15.85,15.88,18.04,16.68
query57.sql,tpcds,1,15.04,24.45,14.76,16.01,25.17,15.20
query58.sql,tpcds,1,17.39,17.29,16.31,16.79,17.74,16.08
query59.sql,tpcds,1,16.04,17.53,16.16,16.83,18.29,16.03
query6.sql,tpcds,1,22.6,19.3,23.5,21.85,20.4,22.39
query60.sql,tpcds,1,16.41,18.4,16.77,16.23,18.23,16.16
query61.sql,tpcds,1,10.6,14.03,10.74,10.81,14.51,10.18
query62.sql,tpcds,1,13.85,14.34,13.78,13.6,14.72,14.21
query63.sql,tpcds,1,14.04,14.82,13.56,13.51,15.52,14.43
query64.sql,tpcds,1,38.05,50.9,37.59,36.01,52.68,37.01
query65.sql,tpcds,1,18.65,18.86,18.19,18.48,21.02,18.56
query66.sql,tpcds,1,15.61,16.3,16.64,15.83,17.49,15.72
query67.sql,tpcds,1,8.37,7.93,8.65,8.23,8.41,fail
query68.sql,tpcds,1,14.93,15.93,14.83,15.09,16.81,14.93
query69.sql,tpcds,1,11.74,16.2,11.48,11.86,17.32,11.99
query7.sql,tpcds,1,16.09,16.57,16.3,15.53,16.52,15.50
query70.sql,tpcds,1,15.21,15.17,15.44,15.54,16.64,15.09
query71.sql,tpcds,1,14.62,15.05,14.78,15.09,16.36,14.54
query72.sql,tpcds,1,37.62,35.34,36.74,36.08,34.41,35.44
query73.sql,tpcds,1,14.77,13.86,14.76,13.88,14.98,14.57
query74.sql,tpcds,1,26.57,40.66,26.92,26.68,43.08,28.14
query75.sql,tpcds,1,25.43,41.49,25.4,25.62,43.21,25.16
query76.sql,tpcds,1,14.9,15.24,14.75,15.42,16.22,15.22
query77.sql,tpcds,1,17.18,35.7,18.26,17.35,35.89,16.95
query78.sql,tpcds,1,36.64,38.32,35.85,36.11,37.57,37.37
query79.sql,tpcds,1,14.15,15.31,14.27,14.39,16.03,14.47
query8.sql,tpcds,1,13.9,15.01,14.16,13.93,15.38,14.37
query80.sql,tpcds,1,35.13,33.3,35.31,36.25,32.34,36.88
query81.sql,tpcds,1,15.52,17.67,15.01,14.35,17.06,15.47
query82.sql,tpcds,1,16.23,15.18,16.17,16.06,15.92,16.39
query83.sql,tpcds,1,14.65,16.34,14.23,14.94,15.07,14.45
query84.sql,tpcds,1,13.57,14.63,14.01,14.17,15.66,14.22
query85.sql,tpcds,1,17.12,17.93,17.78,17.94,19.06,17.63
query86.sql,tpcds,1,13.72,14.36,13.61,13.77,15.31,14.04
query87.sql,tpcds,1,20.16,25.53,19.84,20.58,26.11,20.24
query88.sql,tpcds,1,16.3,18.81,16.5,16.92,19.18,26.81
query89.sql,tpcds,1,14.48,15.29,14.51,15.08,16.2,14.49
query9.sql,tpcds,1,15.41,18.7,14.75,15.31,19.02,15.58
query90.sql,tpcds,1,12.8,13.33,13.29,12.59,14.55,13.48
query91.sql,tpcds,1,13.32,13.15,12.93,13.32,13.95,13.25
query92.sql,tpcds,1,14.38,15.06,14.4,14.1,15.75,14.42
query93.sql,tpcds,1,25.23,24.33,28.68,24.77,24.69,25.98
query94.sql,tpcds,1,18.97,19.94,20.98,20.36,20.43,19.44
query95.sql,tpcds,1,26.01,26.27,25.3,26.75,26.89,24.76
query96.sql,tpcds,1,11.93,12.13,11.84,11.87,13.13,11.67
query97.sql,tpcds,1,21.28,19.11,19.51,19.57,20.25,19.89
query98.sql,tpcds,1,14.89,15.03,14.75,14.96,15.68,15.26
query99.sql,tpcds,1,14.09,14.92,13.86,13.94,15.17,14.42
query1.sql,tpcds,2,15.13,16.38,15.67,15.34,17.73,14.94
query10.sql,tpcds,2,15.71,18.95,16.27,16.34,19.91,16.42
query11.sql,tpcds,2,28.55,42.15,29.02,29.24,42.7,29.10
query12.sql,tpcds,2,13.7,14.73,14.54,14.35,15.3,14.46
query13.sql,tpcds,2,14.5,13.66,14.16,15.18,15.5,14.81
query14.sql,tpcds,2,8.39,8.49,8.25,8.22,8.16,fail
query15.sql,tpcds,2,14.44,15.02,14.85,14.51,15.66,14.48
query16.sql,tpcds,2,15.6,21.09,15.65,16.31,22.76,15.59
query17.sql,tpcds,2,29.64,27.14,29.36,30.43,28.41,29.95
query18.sql,tpcds,2,15.58,16.19,15.37,15.7,16.3,16.75
query19.sql,tpcds,2,14.78,14.66,14.78,15.07,15.23,14.45
query2.sql,tpcds,2,14.83,15.96,14.33,14.69,17.12,14.98
query20.sql,tpcds,2,13.64,14.79,13.6,13.7,15.12,13.98
query21.sql,tpcds,2,14.07,14.58,13.08,13.99,14.78,13.49
query22.sql,tpcds,2,14.51,14.35,14.34,14.12,14.43,14.65
query23.sql,tpcds,2,9.04,8.38,8.21,8.24,8.73,fail
query24.sql,tpcds,2,8.49,8.4,8.42,8.26,8.47,fail
query25.sql,tpcds,2,29.02,27.11,28.93,28.46,28.74,29.67
query26.sql,tpcds,2,13.81,14.29,14.15,14.19,16.09,14.78
query27.sql,tpcds,2,14.82,15.68,15.91,15.08,16.58,15.69
query28.sql,tpcds,2,19.62,21.57,19.97,20.09,23.22,20.06
query29.sql,tpcds,2,30.12,26.65,29.28,29.3,28.31,30.11
query3.sql,tpcds,2,12.74,13.62,13.05,12.83,13.74,13.34
query30.sql,tpcds,2,8.3,8.43,8.5,8.58,8.34,fail
query31.sql,tpcds,2,20.6,21.86,18.91,20.14,22.86,20.30
query32.sql,tpcds,2,13.51,13.83,14.22,13.82,15.26,13.78
query33.sql,tpcds,2,16.59,16.94,15.25,15.96,17.3,16.77
query34.sql,tpcds,2,14.2,16.38,13.8,14.25,16.36,14.09
query35.sql,tpcds,2,17.97,21.94,17.17,17.14,21.69,17.14
query36.sql,tpcds,2,14.13,14.87,14.16,14.58,16.36,14.48
query37.sql,tpcds,2,15.53,14.95,14.97,14.68,14.98,15.50
query38.sql,tpcds,2,19.88,25.88,19.42,19.62,25.84,19.47
query39.sql,tpcds,2,8.01,8.23,8.83,8.59,8.35,fail
query4.sql,tpcds,2,37.02,59.33,38.63,37.21,61.13,39.44
query40.sql,tpcds,2,19.17,18.8,19.35,19.12,19.59,20.11
query41.sql,tpcds,2,10.05,12.15,10.39,10.11,12.09,10.29
query42.sql,tpcds,2,12.44,13.03,12.9,12.71,13.78,12.56
query43.sql,tpcds,2,12.84,13.55,13.33,13.03,13.98,13.10
query44.sql,tpcds,2,15.05,16.88,15.23,16.12,17.28,15.31
query45.sql,tpcds,2,13.7,14.28,13.52,13.7,14.3,13.98
query46.sql,tpcds,2,14.79,15.37,15.22,14.74,16.38,14.80
query47.sql,tpcds,2,18.91,32.91,18.42,18.16,33.41,19.40
query48.sql,tpcds,2,14.82,15.18,14.4,15.64,15.32,15.07
query49.sql,tpcds,2,21.01,22.27,21.46,19.96,23.19,20.95
query5.sql,tpcds,2,20.16,20.92,19.56,19.78,20.9,19.32
query50.sql,tpcds,2,23.09,20.26,25.55,21.93,20.47,21.88
query51.sql,tpcds,2,23.51,30.44,23.34,23.13,31.41,23.45
query52.sql,tpcds,2,13.47,12.74,12.65,13.12,14.38,12.78
query53.sql,tpcds,2,14.11,14.18,13.64,14.03,15.45,14.36
query54.sql,tpcds,2,17.68,19.93,18.43,18.12,21.1,18.32
query55.sql,tpcds,2,12.89,14.32,13.82,13.77,14.15,14.22
query56.sql,tpcds,2,15.76,16.89,16.1,16.84,18.36,15.72
query57.sql,tpcds,2,15.37,23.81,15.08,14.78,25.6,14.89
query58.sql,tpcds,2,16.86,16.86,16.36,16.23,18.08,17.35
query59.sql,tpcds,2,16.51,16.94,16.42,16.89,17.91,16.92
query6.sql,tpcds,2,21.93,19.35,19.8,22.28,18.84,23.59
query60.sql,tpcds,2,16.83,18.03,16.75,16.97,18.74,16.02
query61.sql,tpcds,2,10.92,13.55,10.33,10.55,14.8,10.34
query62.sql,tpcds,2,13.87,14.2,13.82,13.81,15.46,14.43
query63.sql,tpcds,2,13.92,14.82,13.67,14.06,15.61,13.96
query64.sql,tpcds,2,37.84,51.43,36.04,36.96,51.65,36.53
query65.sql,tpcds,2,18.37,19.35,18.82,19.57,20.48,19.30
query66.sql,tpcds,2,16.62,16.98,16.51,16.52,18.76,15.82
query67.sql,tpcds,2,8.12,7.97,8.08,8.13,8.34,fail
query68.sql,tpcds,2,15.42,15.28,14.73,15.43,17.03,15.40
query69.sql,tpcds,2,11.69,15.92,12.1,11.86,17.48,11.86
query7.sql,tpcds,2,15.62,15.95,15.88,15.42,16.91,15.62
query70.sql,tpcds,2,15.39,15.9,15.56,15.78,16.55,15.73
query71.sql,tpcds,2,15.15,14.58,14.64,15.13,15.56,14.57
query72.sql,tpcds,2,35.83,34.4,36.62,37.7,34.11,37.31
query73.sql,tpcds,2,14.34,14.35,13.7,14.51,15.37,14.68
query74.sql,tpcds,2,27.5,42.18,28.24,26.6,43.26,27.38
query75.sql,tpcds,2,25.1,42.09,24.84,24.96,42.21,25.79
query76.sql,tpcds,2,14.69,15.83,15.49,14.72,16.3,15.05
query77.sql,tpcds,2,16.8,35.7,17.2,16.46,37.58,16.90
query78.sql,tpcds,2,36.74,37.14,36.31,36.66,38.65,36.61
query79.sql,tpcds,2,14.52,14.82,14.36,14.48,15.95,14.41
query8.sql,tpcds,2,14.21,14.93,14.29,14.29,15.22,15.04
query80.sql,tpcds,2,35.83,31.92,37.5,36.71,32.42,33.88
query81.sql,tpcds,2,14.92,17.08,14.51,14.54,17.11,15.67
query82.sql,tpcds,2,16.39,14.82,16.48,17.61,16.26,16.49
query83.sql,tpcds,2,14.81,15.88,15.03,14.77,16.28,15.01
query84.sql,tpcds,2,14.02,15.12,13.9,13.82,15.6,14.09
query85.sql,tpcds,2,17.84,18.35,18.25,18.29,18.96,17.97
query86.sql,tpcds,2,14.09,14.44,13.45,13.93,14.8,13.90
query87.sql,tpcds,2,19.72,25.51,19.91,19.76,26.31,20.21
query88.sql,tpcds,2,18.14,17.07,17.45,17.53,19.53,17.23
query89.sql,tpcds,2,14.79,15.64,14.11,14.38,16.3,15.05
query9.sql,tpcds,2,15.47,18.36,15.04,14.73,18.71,14.91
query90.sql,tpcds,2,12.62,13.39,12.95,12.88,13.84,12.54
query91.sql,tpcds,2,12.47,12.75,12.81,13.15,14.48,13.03
query92.sql,tpcds,2,14.49,14.93,14.12,14.7,15.2,13.48
query93.sql,tpcds,2,28.08,23.36,26.02,30.13,24.84,27.42
query94.sql,tpcds,2,19.67,18.92,19.8,19.25,18.93,19.84
query95.sql,tpcds,2,26.56,24.97,27.11,25.26,25.4,25.97
query96.sql,tpcds,2,11.59,11.58,11.55,12.22,13.36,11.86
query97.sql,tpcds,2,20.49,19.15,19.37,20.14,19.26,20.04
query98.sql,tpcds,2,15.07,15.23,14.88,15.29,15.63,15.13
query99.sql,tpcds,2,13.55,14.05,14.1,14.56,14.66,14.36
query1.sql,tpcds,3,15.22,17.25,15.22,14.95,17.35,15.40
query10.sql,tpcds,3,15.84,18.92,16.1,15.77,20.18,15.81
query11.sql,tpcds,3,28.48,43.11,27.55,29.09,44.11,28.55
query12.sql,tpcds,3,14.23,14.79,14.67,14.19,15.57,14.09
query13.sql,tpcds,3,15.19,14.23,14.69,14.81,14.29,14.11
query14.sql,tpcds,3,8.41,8.47,8.22,8.5,8.29,fail
query15.sql,tpcds,3,13.93,14.74,14.48,14.48,15.7,14.44
query16.sql,tpcds,3,15.78,21.49,15.61,15.26,21.74,16.19
query17.sql,tpcds,3,30.63,27.18,30.03,30.49,26.88,30.57
query18.sql,tpcds,3,16.06,16.04,15.65,16.18,16.94,15.98
query19.sql,tpcds,3,15.45,14.81,14.14,14.7,14.92,14.21
query2.sql,tpcds,3,14.99,16.15,14.86,14.64,17.36,14.86
query20.sql,tpcds,3,13.54,14.3,13.47,14.08,15.43,13.57
query21.sql,tpcds,3,12.61,14.01,14.08,13.82,14.27,13.76
query22.sql,tpcds,3,14.71,14.49,15.19,14.42,15.51,15.02
query23.sql,tpcds,3,8.32,8.15,8.35,8.13,8.5,fail
query24.sql,tpcds,3,7.94,8.23,8.39,8.16,8.19,fail
query25.sql,tpcds,3,29.25,26.27,29.59,29.79,27.26,28.72
query26.sql,tpcds,3,14.48,14.16,14.87,14.29,15.46,14.47
query27.sql,tpcds,3,14.69,15.18,15.22,15.41,15.48,15.91
query28.sql,tpcds,3,19.06,22.84,19.35,19.86,23.08,20.28
query29.sql,tpcds,3,28.92,26.04,29.39,30.42,27.19,29.76
query3.sql,tpcds,3,12.35,12.92,12.56,12.58,14.35,12.62
query30.sql,tpcds,3,8.61,8.53,8.68,8.8,8.44,fail
query31.sql,tpcds,3,19.71,22.32,20.16,20.52,23.47,20.56
query32.sql,tpcds,3,14.37,14.07,14.14,13.89,14.42,13.91
query33.sql,tpcds,3,16.4,17.55,16.05,16.29,17.83,16.21
query34.sql,tpcds,3,15.65,15.25,14.34,14.01,16.33,14.60
query35.sql,tpcds,3,17.1,20.83,17.12,17.31,22.72,17.50
query36.sql,tpcds,3,15.2,14.58,14.67,14.28,15.97,14.42
query37.sql,tpcds,3,15.18,14.27,15.63,15.67,14.91,15.11
query38.sql,tpcds,3,20.5,25.18,20.0,19.89,26.76,20.45
query39.sql,tpcds,3,8.45,8.44,8.41,8.43,8.34,fail
query4.sql,tpcds,3,37.3,60.27,38.7,38.69,58.92,37.56
query40.sql,tpcds,3,19.06,18.24,19.45,19.02,19.81,19.04
query41.sql,tpcds,3,9.83,12.35,10.42,10.29,12.25,10.58
query42.sql,tpcds,3,12.85,13.13,12.71,12.83,13.39,12.60
query43.sql,tpcds,3,13.18,13.33,12.91,12.93,13.86,12.55
query44.sql,tpcds,3,14.8,16.68,15.19,15.72,17.84,15.30
query45.sql,tpcds,3,13.83,14.4,13.66,13.89,14.48,13.94
query46.sql,tpcds,3,14.75,15.69,14.51,15.29,16.39,14.89
query47.sql,tpcds,3,18.71,33.95,18.51,19.32,33.74,19.07
query48.sql,tpcds,3,15.84,14.51,13.88,14.29,16.49,14.93
query49.sql,tpcds,3,20.53,21.69,21.12,19.49,22.77,20.40
query5.sql,tpcds,3,19.37,21.34,19.3,19.68,21.68,19.49
query50.sql,tpcds,3,22.14,20.14,21.8,22.31,20.97,21.95
query51.sql,tpcds,3,23.83,30.12,22.64,23.22,31.01,24.00
query52.sql,tpcds,3,12.83,12.45,13.04,13.01,13.62,13.10
query53.sql,tpcds,3,14.02,14.45,14.03,14.16,15.58,13.95
query54.sql,tpcds,3,17.63,20.21,18.84,18.11,20.37,18.18
query55.sql,tpcds,3,14.2,14.13,13.41,13.72,14.72,13.55
query56.sql,tpcds,3,15.93,17.04,15.35,15.8,18.91,15.46
query57.sql,tpcds,3,14.67,23.98,14.99,14.86,25.06,15.26
query58.sql,tpcds,3,17.73,16.88,16.18,16.12,17.59,16.42
query59.sql,tpcds,3,15.32,16.87,16.24,15.64,18.61,15.44
query6.sql,tpcds,3,23.27,19.45,23.55,20.16,20.28,19.57
query60.sql,tpcds,3,16.82,17.65,16.69,15.99,18.37,17.56
query61.sql,tpcds,3,10.66,13.53,10.64,11.09,14.66,10.73
query62.sql,tpcds,3,14.2,14.42,14.3,14.21,15.11,14.28
query63.sql,tpcds,3,13.63,14.2,14.42,13.82,14.84,14.14
query64.sql,tpcds,3,36.4,50.95,36.86,37.24,51.76,38.56
query65.sql,tpcds,3,17.82,19.42,18.41,18.06,19.34,18.46
query66.sql,tpcds,3,16.88,17.3,16.62,16.93,18.53,15.64
query67.sql,tpcds,3,8.57,8.42,8.01,8.09,8.13,fail
query68.sql,tpcds,3,14.72,15.35,15.95,16.39,16.8,15.03
query69.sql,tpcds,3,11.9,16.05,12.06,12.4,17.36,11.62
query7.sql,tpcds,3,15.84,15.67,15.93,16.04,16.28,14.38
query70.sql,tpcds,3,15.94,15.9,15.19,15.64,16.73,15.50
query71.sql,tpcds,3,14.74,15.51,14.87,14.71,17.03,14.77
query72.sql,tpcds,3,35.71,35.4,36.7,36.37,35.65,36.33
query73.sql,tpcds,3,13.91,14.64,14.1,14.68,15.31,14.32
query74.sql,tpcds,3,27.1,40.57,29.01,26.54,43.72,27.11
query75.sql,tpcds,3,24.86,42.6,24.82,24.92,41.22,24.26
query76.sql,tpcds,3,14.63,15.26,14.89,15.57,16.56,15.22
query77.sql,tpcds,3,16.29,35.8,16.51,17.32,35.74,16.45
query78.sql,tpcds,3,35.72,39.32,36.39,36.68,38.66,36.47
query79.sql,tpcds,3,14.8,14.66,14.67,14.38,15.96,14.64
query8.sql,tpcds,3,14.16,14.71,14.68,14.49,16.15,15.05
query80.sql,tpcds,3,36.11,32.84,35.16,34.91,33.09,34.72
query81.sql,tpcds,3,15.39,16.36,15.38,14.87,17.56,15.13
query82.sql,tpcds,3,16.59,15.21,16.38,16.34,16.31,16.32
query83.sql,tpcds,3,15.52,15.25,14.88,14.73,15.95,15.18
query84.sql,tpcds,3,13.97,15.11,14.25,14.83,14.84,14.52
query85.sql,tpcds,3,17.93,17.46,17.84,18.24,18.52,18.12
query86.sql,tpcds,3,13.33,14.17,13.9,13.96,14.72,14.09
query87.sql,tpcds,3,20.05,25.11,19.96,20.71,25.63,20.49
query88.sql,tpcds,3,17.94,17.59,16.73,17.68,18.9,17.78
query89.sql,tpcds,3,14.26,15.27,14.78,14.56,15.51,14.78
query9.sql,tpcds,3,15.3,19.11,15.01,15.23,18.68,15.30
query90.sql,tpcds,3,12.39,12.63,12.33,12.71,13.44,12.39
query91.sql,tpcds,3,13.34,13.09,12.94,12.49,14.27,12.19
query92.sql,tpcds,3,14.26,14.84,14.42,14.6,15.43,14.60
query93.sql,tpcds,3,26.0,23.19,31.08,31.24,24.2,27.00
query94.sql,tpcds,3,20.99,19.41,20.25,19.78,20.11,19.39
query95.sql,tpcds,3,25.95,25.83,26.08,26.62,27.31,25.60
query96.sql,tpcds,3,11.58,12.17,11.74,11.81,12.75,12.13
query97.sql,tpcds,3,20.57,20.19,21.1,18.99,19.23,21.48
query98.sql,tpcds,3,15.42,15.05,14.45,14.42,16.41,14.82
query99.sql,tpcds,3,14.55,14.14,13.83,14.61,13.99,13.53
query1.sql,tpcds,4,15.65,17.2,15.58,15.2,17.69,15.28
query10.sql,tpcds,4,15.78,18.8,15.6,16.08,19.81,16.12
query11.sql,tpcds,4,29.94,43.4,29.01,27.88,43.94,27.68
query12.sql,tpcds,4,13.86,14.67,13.89,14.14,15.03,14.13
query13.sql,tpcds,4,13.72,15.39,14.13,13.93,15.85,13.94
query14.sql,tpcds,4,8.58,8.4,8.08,8.16,8.66,fail
query15.sql,tpcds,4,14.58,15.0,14.86,14.51,16.04,14.42
query16.sql,tpcds,4,15.02,21.02,15.48,15.79,22.12,16.40
query17.sql,tpcds,4,30.33,27.09,30.49,29.23,26.82,29.59
query18.sql,tpcds,4,14.93,16.07,15.63,15.56,17.16,15.83
query19.sql,tpcds,4,14.03,13.71,14.89,13.98,15.38,14.29
query2.sql,tpcds,4,14.24,16.52,14.3,14.36,17.48,14.66
query20.sql,tpcds,4,12.94,15.02,13.48,14.46,15.26,13.95
query21.sql,tpcds,4,12.99,13.15,13.43,13.56,14.77,13.01
query22.sql,tpcds,4,13.81,14.26,14.86,14.44,15.48,14.68
query23.sql,tpcds,4,8.66,8.53,8.36,8.14,8.12,fail
query24.sql,tpcds,4,8.11,8.22,8.4,8.34,8.32,fail
query25.sql,tpcds,4,28.71,25.44,29.73,29.22,27.44,29.50
query26.sql,tpcds,4,14.56,14.79,14.09,14.64,15.36,14.46
query27.sql,tpcds,4,15.64,15.67,14.91,15.48,15.69,15.02
query28.sql,tpcds,4,19.89,21.33,20.06,19.59,22.3,19.99
query29.sql,tpcds,4,29.39,26.44,29.78,29.36,27.07,29.71
query3.sql,tpcds,4,12.98,13.57,12.46,13.42,14.04,12.87
query30.sql,tpcds,4,8.66,8.3,8.46,8.43,8.67,fail
query31.sql,tpcds,4,18.57,22.79,19.4,19.08,24.24,18.84
query32.sql,tpcds,4,14.44,14.37,13.98,13.95,14.9,13.61
query33.sql,tpcds,4,16.04,17.63,16.21,16.99,17.98,15.92
query34.sql,tpcds,4,14.43,16.04,13.82,14.83,15.77,13.89
query35.sql,tpcds,4,17.26,21.33,17.79,16.41,21.68,17.51
query36.sql,tpcds,4,15.02,15.23,14.7,14.31,15.55,14.18
query37.sql,tpcds,4,15.56,14.45,14.89,15.76,14.37,15.09
query38.sql,tpcds,4,20.49,25.96,20.04,20.53,26.44,20.80
query39.sql,tpcds,4,8.31,8.05,8.17,8.3,8.68,fail
query4.sql,tpcds,4,37.96,60.52,37.13,38.15,61.98,37.69
query40.sql,tpcds,4,20.76,18.85,19.88,19.87,18.92,18.97
query41.sql,tpcds,4,10.57,12.47,10.36,10.12,12.2,10.52
query42.sql,tpcds,4,12.44,12.7,12.85,13.3,13.46,13.14
query43.sql,tpcds,4,12.72,13.38,13.66,13.19,14.25,12.93
query44.sql,tpcds,4,15.05,15.91,15.4,15.4,17.62,15.49
query45.sql,tpcds,4,14.07,14.15,13.85,13.11,15.75,14.05
query46.sql,tpcds,4,15.09,15.37,15.32,15.19,16.04,14.90
query47.sql,tpcds,4,19.47,33.19,18.82,19.17,33.26,18.77
query48.sql,tpcds,4,15.39,15.8,15.37,15.49,16.64,14.67
query49.sql,tpcds,4,20.57,21.81,20.56,20.97,23.12,21.06
query5.sql,tpcds,4,19.63,20.55,19.68,19.48,21.34,19.96
query50.sql,tpcds,4,23.7,20.71,22.5,25.81,20.37,21.07
query51.sql,tpcds,4,23.19,29.84,23.04,23.09,31.26,23.30
query52.sql,tpcds,4,13.67,13.03,13.28,12.75,13.76,13.06
query53.sql,tpcds,4,14.54,14.33,13.68,13.75,15.28,14.30
query54.sql,tpcds,4,17.52,19.75,17.94,17.96,19.59,18.44
query55.sql,tpcds,4,14.18,13.84,14.43,13.57,14.41,14.50
query56.sql,tpcds,4,16.49,16.98,15.63,15.7,17.64,16.09
query57.sql,tpcds,4,15.45,24.06,14.54,14.58,25.17,15.65
query58.sql,tpcds,4,16.92,17.86,16.67,16.07,17.27,16.16
query59.sql,tpcds,4,16.09,17.82,15.36,15.73,18.49,16.22
query6.sql,tpcds,4,20.33,19.03,19.22,22.64,20.69,19.26
query60.sql,tpcds,4,15.76,16.98,17.86,16.5,18.49,16.98
query61.sql,tpcds,4,10.73,13.46,10.54,10.32,14.45,10.85
query62.sql,tpcds,4,14.09,14.36,14.02,14.31,15.08,14.18
query63.sql,tpcds,4,14.36,14.75,13.49,14.75,15.31,14.25
query64.sql,tpcds,4,36.31,50.64,36.68,38.33,52.47,38.60
query65.sql,tpcds,4,17.75,19.36,18.02,18.16,20.18,18.58
query66.sql,tpcds,4,16.13,16.67,16.4,16.52,17.55,16.30
query67.sql,tpcds,4,8.02,8.15,8.32,7.86,8.22,fail
query68.sql,tpcds,4,14.95,15.22,14.9,15.05,16.36,14.33
query69.sql,tpcds,4,11.6,16.5,11.61,11.66,16.9,12.17
query7.sql,tpcds,4,15.27,15.51,15.16,16.07,16.43,16.20
query70.sql,tpcds,4,15.49,16.38,15.53,15.13,16.71,15.73
query71.sql,tpcds,4,15.51,15.42,14.74,15.04,15.78,15.25
query72.sql,tpcds,4,36.19,34.72,35.76,37.5,34.35,35.73
query73.sql,tpcds,4,14.77,14.92,14.09,14.07,15.57,14.10
query74.sql,tpcds,4,27.15,40.75,27.27,27.79,44.34,27.38
query75.sql,tpcds,4,25.81,42.11,26.19,25.88,42.67,26.60
query76.sql,tpcds,4,14.7,15.96,15.04,14.79,16.71,15.21
query77.sql,tpcds,4,18.01,35.91,18.3,16.75,37.07,17.75
query78.sql,tpcds,4,35.23,37.01,36.83,35.63,38.18,36.43
query79.sql,tpcds,4,14.55,15.02,14.05,14.79,16.75,14.10
query8.sql,tpcds,4,14.38,14.7,14.42,14.34,14.78,14.81
query80.sql,tpcds,4,36.02,33.33,35.81,36.05,33.21,36.14
query81.sql,tpcds,4,15.16,16.7,14.97,14.92,17.05,14.92
query82.sql,tpcds,4,16.49,14.75,16.81,16.56,15.38,16.59
query83.sql,tpcds,4,14.47,15.19,15.4,14.37,16.21,14.14
query84.sql,tpcds,4,13.9,14.32,14.15,14.27,15.46,13.22
query85.sql,tpcds,4,17.25,19.01,17.91,17.61,19.17,17.58
query86.sql,tpcds,4,14.06,14.5,13.75,13.5,14.86,13.69
query87.sql,tpcds,4,19.17,26.02,19.85,20.25,25.9,20.49
query88.sql,tpcds,4,17.82,17.06,16.95,17.02,19.2,17.60
query89.sql,tpcds,4,14.99,15.23,14.51,14.4,16.2,14.51
query9.sql,tpcds,4,15.25,19.06,14.65,14.66,18.8,15.38
query90.sql,tpcds,4,12.68,13.03,12.94,12.78,13.06,13.01
query91.sql,tpcds,4,12.45,13.18,13.08,12.35,13.29,13.17
query92.sql,tpcds,4,14.44,14.48,14.75,14.03,15.63,13.88
query93.sql,tpcds,4,26.52,23.49,27.24,25.19,24.28,24.84
query94.sql,tpcds,4,20.24,19.36,19.73,21.13,19.93,19.51
query95.sql,tpcds,4,25.5,26.64,26.46,25.9,26.6,25.80
query96.sql,tpcds,4,11.57,11.67,11.57,12.23,12.74,12.09
query97.sql,tpcds,4,19.33,19.71,19.89,20.9,21.13,18.58
query98.sql,tpcds,4,14.48,15.58,14.45,14.24,15.86,14.39
query99.sql,tpcds,4,14.97,14.09,13.79,13.16,14.76,14.10
query1.sql,tpcds,5,15.01,17.25,15.43,15.49,18.37,15.55
query10.sql,tpcds,5,15.59,18.86,15.98,16.2,20.23,16.10
query11.sql,tpcds,5,29.73,42.42,27.92,28.35,43.69,28.98
query12.sql,tpcds,5,14.32,14.81,14.54,13.65,15.14,13.80
query13.sql,tpcds,5,14.63,14.29,14.23,14.1,14.4,14.28
query14.sql,tpcds,5,8.4,8.35,8.39,8.46,8.3,fail
query15.sql,tpcds,5,14.66,14.36,14.13,14.65,15.67,14.41
query16.sql,tpcds,5,15.56,22.39,16.01,16.2,21.12,15.89
query17.sql,tpcds,5,29.86,27.7,30.81,29.54,27.17,29.47
query18.sql,tpcds,5,15.81,16.0,15.29,15.46,16.54,15.32
query19.sql,tpcds,5,14.35,14.92,14.19,14.06,15.05,14.36
query2.sql,tpcds,5,14.56,16.61,14.27,15.6,17.57,14.77
query20.sql,tpcds,5,13.93,13.62,13.22,14.03,15.79,13.48
query21.sql,tpcds,5,13.31,13.59,13.69,13.38,14.73,13.85
query22.sql,tpcds,5,15.05,14.34,14.39,13.7,15.57,14.56
query23.sql,tpcds,5,8.24,8.55,8.04,8.42,8.41,fail
query24.sql,tpcds,5,8.22,8.34,8.0,8.45,8.19,fail
query25.sql,tpcds,5,29.15,27.82,30.15,29.5,28.87,28.22
query26.sql,tpcds,5,13.99,14.51,14.06,13.91,15.5,14.79
query27.sql,tpcds,5,15.33,15.53,14.7,15.02,16.25,15.37
query28.sql,tpcds,5,19.75,23.02,20.01,20.25,22.22,20.22
query29.sql,tpcds,5,29.66,26.27,30.18,29.59,28.44,29.48
query3.sql,tpcds,5,12.71,12.68,13.1,13.52,14.2,12.87
query30.sql,tpcds,5,8.64,8.57,8.62,8.68,8.78,fail
query31.sql,tpcds,5,19.44,22.59,19.51,18.43,23.96,19.80
query32.sql,tpcds,5,13.93,13.75,13.85,14.21,14.64,13.98
query33.sql,tpcds,5,15.87,16.57,16.2,16.45,16.78,17.04
query34.sql,tpcds,5,14.5,15.72,14.21,14.23,16.37,13.81
query35.sql,tpcds,5,17.36,21.83,16.94,17.32,22.77,17.28
query36.sql,tpcds,5,14.35,14.9,14.9,14.35,15.69,14.27
query37.sql,tpcds,5,15.53,14.7,14.88,15.33,15.06,15.65
query38.sql,tpcds,5,19.76,25.57,20.62,19.68,26.39,21.17
query39.sql,tpcds,5,8.62,8.42,8.2,8.5,8.57,fail
query4.sql,tpcds,5,38.43,58.97,37.7,38.46,60.64,37.96
query40.sql,tpcds,5,19.9,19.02,21.38,19.59,18.88,20.15
query41.sql,tpcds,5,10.53,11.56,10.02,10.58,12.67,10.61
query42.sql,tpcds,5,13.02,12.95,12.62,13.03,13.89,12.49
query43.sql,tpcds,5,12.84,12.81,12.87,13.22,14.06,13.44
query44.sql,tpcds,5,15.25,16.13,14.74,15.33,17.46,15.49
query45.sql,tpcds,5,13.65,14.37,13.87,13.8,14.99,14.00
query46.sql,tpcds,5,14.87,15.29,14.8,15.06,15.9,15.12
query47.sql,tpcds,5,19.05,32.74,18.3,19.55,33.25,18.81
query48.sql,tpcds,5,13.62,15.62,14.46,14.86,15.41,14.01
query49.sql,tpcds,5,20.81,22.22,21.02,20.39,23.51,20.37
query5.sql,tpcds,5,19.92,20.82,20.02,19.89,21.98,20.47
query50.sql,tpcds,5,21.3,20.12,23.34,23.74,20.74,23.28
query51.sql,tpcds,5,23.12,31.13,23.45,24.2,29.9,23.32
query52.sql,tpcds,5,12.9,13.55,13.08,12.94,14.51,12.93
query53.sql,tpcds,5,14.09,15.13,14.05,13.44,15.8,13.83
query54.sql,tpcds,5,18.23,19.84,18.66,18.2,20.89,17.80
query55.sql,tpcds,5,14.08,14.09,13.25,13.66,15.57,13.31
query56.sql,tpcds,5,16.38,16.99,15.98,16.27,17.95,16.39
query57.sql,tpcds,5,14.42,24.41,14.86,14.33,24.42,15.79
query58.sql,tpcds,5,16.62,17.44,16.53,16.92,17.89,16.58
query59.sql,tpcds,5,15.9,17.59,16.2,16.59,18.53,16.35
query6.sql,tpcds,5,22.28,19.22,24.48,23.58,19.88,20.11
query60.sql,tpcds,5,16.86,17.61,16.12,16.57,19.21,16.63
query61.sql,tpcds,5,10.27,13.62,10.71,10.4,14.29,10.96
query62.sql,tpcds,5,13.79,14.5,13.65,14.61,14.46,14.45
query63.sql,tpcds,5,13.92,14.19,14.02,13.34,15.17,13.99
query64.sql,tpcds,5,37.58,49.87,36.82,36.88,52.07,36.45
query65.sql,tpcds,5,17.79,19.24,18.71,18.29,20.01,18.38
query66.sql,tpcds,5,17.61,17.37,15.89,16.11,17.67,16.49
query67.sql,tpcds,5,8.11,8.34,8.18,8.64,8.5,fail
query68.sql,tpcds,5,14.43,15.87,15.7,15.38,17.06,14.02
query69.sql,tpcds,5,11.62,17.08,12.3,12.19,17.95,12.03
query7.sql,tpcds,5,15.58,15.64,15.0,15.78,15.98,15.16
query70.sql,tpcds,5,15.64,17.01,15.38,15.79,17.13,15.49
query71.sql,tpcds,5,14.94,15.89,15.85,15.11,16.83,15.41
query72.sql,tpcds,5,35.48,33.52,36.41,35.61,35.49,36.96
query73.sql,tpcds,5,14.43,15.54,14.36,14.54,15.26,13.96
query74.sql,tpcds,5,26.7,40.92,27.14,27.88,44.41,27.06
query75.sql,tpcds,5,25.4,39.28,25.22,25.76,41.99,25.19
query76.sql,tpcds,5,14.61,15.93,15.04,15.3,16.58,15.29
query77.sql,tpcds,5,16.33,34.45,16.9,17.52,35.29,17.76
query78.sql,tpcds,5,36.0,38.74,36.56,36.54,37.23,36.13
query79.sql,tpcds,5,14.61,14.66,14.72,14.64,16.03,14.67
query8.sql,tpcds,5,14.95,15.28,14.62,13.86,15.14,14.57
query80.sql,tpcds,5,35.24,31.97,36.05,36.73,34.59,38.42
query81.sql,tpcds,5,14.62,16.82,15.12,14.78,17.07,15.03
query82.sql,tpcds,5,16.45,15.15,17.13,16.45,16.37,15.89
query83.sql,tpcds,5,14.28,16.26,14.3,14.34,16.81,15.14
query84.sql,tpcds,5,14.24,15.46,14.01,14.0,16.08,13.86
query85.sql,tpcds,5,17.92,18.27,18.48,17.25,18.29,17.31
query86.sql,tpcds,5,13.28,14.3,13.66,13.28,14.96,13.74
query87.sql,tpcds,5,20.45,26.39,20.51,20.97,26.51,19.51
query88.sql,tpcds,5,17.74,17.76,17.79,17.02,18.93,17.37
query89.sql,tpcds,5,14.83,15.18,14.54,15.06,16.03,14.82
query9.sql,tpcds,5,15.16,18.37,15.21,15.28,18.62,14.97
query90.sql,tpcds,5,12.88,13.55,12.89,12.4,13.71,12.27
query91.sql,tpcds,5,13.23,13.19,13.45,12.86,13.4,12.81
query92.sql,tpcds,5,14.25,14.83,14.25,14.83,15.36,14.62
query93.sql,tpcds,5,27.12,23.75,25.49,26.29,24.91,26.49
query94.sql,tpcds,5,19.66,18.76,19.23,19.13,18.9,20.98
query95.sql,tpcds,5,27.22,26.77,25.9,26.2,26.6,26.32
query96.sql,tpcds,5,11.71,11.78,11.65,11.56,13.24,11.18
query97.sql,tpcds,5,20.32,18.92,19.42,19.77,19.04,20.33
query98.sql,tpcds,5,14.48,15.01,14.97,14.7,16.14,15.32
query99.sql,tpcds,5,13.92,14.62,13.42,13.51,15.33,14.20
query1.sql,tpcds,6,15.16,16.46,14.95,14.89,17.78,15.27
query10.sql,tpcds,6,16.6,18.71,16.04,16.32,20.6,15.53
query11.sql,tpcds,6,28.21,43.31,28.71,28.38,43.29,28.26
query12.sql,tpcds,6,14.39,14.77,13.93,13.99,15.84,14.16
query13.sql,tpcds,6,14.53,13.76,14.2,13.49,15.28,14.19
query14.sql,tpcds,6,8.06,8.35,8.36,8.32,8.7,fail
query15.sql,tpcds,6,14.3,14.36,14.68,14.85,15.32,13.98
query16.sql,tpcds,6,15.25,21.88,15.91,15.83,21.51,16.18
query17.sql,tpcds,6,29.5,26.38,29.83,29.2,26.73,29.52
query18.sql,tpcds,6,15.37,15.92,16.11,15.65,16.82,15.43
query19.sql,tpcds,6,14.86,14.62,14.3,14.57,15.7,14.75
query2.sql,tpcds,6,14.8,16.01,14.22,14.51,16.96,14.47
query20.sql,tpcds,6,13.18,14.46,13.79,13.11,15.16,13.96
query21.sql,tpcds,6,14.11,14.44,13.46,12.95,14.58,13.17
query22.sql,tpcds,6,14.28,14.21,14.83,14.18,14.84,15.02
query23.sql,tpcds,6,8.65,8.16,8.24,8.24,7.65,fail
query24.sql,tpcds,6,8.27,8.11,8.17,8.29,8.09,fail
query25.sql,tpcds,6,29.79,26.27,29.65,29.89,28.73,30.08
query26.sql,tpcds,6,14.56,15.23,14.49,14.29,14.8,14.93
query27.sql,tpcds,6,15.64,14.96,15.34,15.53,16.14,15.48
query28.sql,tpcds,6,19.71,22.76,19.47,19.97,22.52,19.89
query29.sql,tpcds,6,29.05,26.0,29.62,28.78,28.8,29.28
query3.sql,tpcds,6,12.31,13.02,12.79,13.34,14.59,13.04
query30.sql,tpcds,6,8.39,8.4,8.58,8.45,8.44,fail
query31.sql,tpcds,6,18.9,23.13,19.15,19.85,24.28,20.05
query32.sql,tpcds,6,13.51,14.43,14.54,14.26,14.87,14.29
query33.sql,tpcds,6,16.05,17.38,15.64,16.11,18.0,17.19
query34.sql,tpcds,6,14.2,14.95,14.64,14.77,15.64,14.10
query35.sql,tpcds,6,17.2,21.73,17.25,17.14,22.09,16.99
query36.sql,tpcds,6,14.27,14.94,15.11,14.34,15.9,14.49
query37.sql,tpcds,6,15.93,14.22,15.43,15.22,14.91,15.01
query38.sql,tpcds,6,19.88,25.97,19.75,20.83,26.12,20.62
query39.sql,tpcds,6,8.49,8.56,8.15,8.55,8.48,fail
query4.sql,tpcds,6,36.39,60.05,37.97,37.6,61.03,37.05
query40.sql,tpcds,6,18.29,19.58,19.98,19.63,19.39,19.34
query41.sql,tpcds,6,10.74,11.76,10.44,10.26,12.41,10.73
query42.sql,tpcds,6,12.07,13.05,12.78,12.62,13.17,12.98
query43.sql,tpcds,6,13.51,13.16,13.54,12.92,13.92,13.07
query44.sql,tpcds,6,14.75,16.94,15.24,15.27,17.47,15.15
query45.sql,tpcds,6,14.02,14.64,13.08,14.1,14.98,14.04
query46.sql,tpcds,6,15.0,15.1,14.97,14.76,16.36,14.80
query47.sql,tpcds,6,19.94,32.18,19.31,19.61,34.25,18.26
query48.sql,tpcds,6,15.02,14.46,14.01,15.5,15.68,14.81
query49.sql,tpcds,6,21.04,22.45,21.26,20.85,21.67,20.02
query5.sql,tpcds,6,19.99,20.8,19.55,20.25,21.99,19.32
query50.sql,tpcds,6,22.71,19.43,25.31,24.96,21.32,22.57
query51.sql,tpcds,6,23.23,30.84,23.97,23.29,30.79,23.51
query52.sql,tpcds,6,13.1,13.28,12.96,13.57,14.01,13.06
query53.sql,tpcds,6,14.43,14.8,14.61,14.36,16.02,14.41
query54.sql,tpcds,6,18.23,20.56,18.09,17.47,20.1,18.21
query55.sql,tpcds,6,14.47,13.86,14.1,14.29,14.2,12.89
query56.sql,tpcds,6,15.74,16.85,15.92,16.7,17.22,15.99
query57.sql,tpcds,6,14.81,24.37,15.09,14.75,24.78,16.37
query58.sql,tpcds,6,16.1,17.02,16.33,16.56,17.76,16.94
query59.sql,tpcds,6,15.76,17.95,16.38,16.38,18.73,16.51
query6.sql,tpcds,6,22.87,19.02,23.18,23.55,19.9,20.66
query60.sql,tpcds,6,16.58,18.14,16.11,17.08,18.1,17.08
query61.sql,tpcds,6,10.38,13.55,10.81,10.66,14.29,10.77
query62.sql,tpcds,6,13.96,14.21,14.15,14.59,15.05,13.59
query63.sql,tpcds,6,13.66,14.91,13.98,14.45,14.98,14.91
query64.sql,tpcds,6,36.02,51.26,38.13,37.42,52.0,37.41
query65.sql,tpcds,6,18.49,18.86,18.37,18.06,20.74,18.99
query66.sql,tpcds,6,15.92,17.68,16.3,16.18,17.58,16.13
query67.sql,tpcds,6,8.43,8.32,7.9,8.16,8.57,fail
query68.sql,tpcds,6,15.61,16.15,15.21,14.95,17.06,15.13
query69.sql,tpcds,6,11.57,16.62,11.86,11.27,17.86,11.94
query7.sql,tpcds,6,15.14,15.81,16.1,15.69,16.82,15.63
query70.sql,tpcds,6,15.68,15.93,15.84,15.53,16.87,15.36
query71.sql,tpcds,6,14.66,15.63,14.49,15.11,16.81,15.51
query72.sql,tpcds,6,36.63,35.29,36.81,36.46,34.24,37.04
query73.sql,tpcds,6,13.73,14.77,14.03,13.84,14.93,14.62
query74.sql,tpcds,6,29.42,40.09,29.9,27.34,42.71,26.70
query75.sql,tpcds,6,25.35,41.05,25.67,25.09,41.3,24.26
query76.sql,tpcds,6,15.04,14.99,14.67,15.02,16.66,15.02
query77.sql,tpcds,6,17.06,36.16,17.45,16.87,36.14,17.64
query78.sql,tpcds,6,35.51,37.34,36.72,36.56,41.07,35.82
query79.sql,tpcds,6,14.58,14.61,14.28,14.54,15.8,14.39
query8.sql,tpcds,6,14.54,14.9,14.26,14.41,16.57,14.08
query80.sql,tpcds,6,36.28,34.95,35.4,35.38,34.28,35.00
query81.sql,tpcds,6,15.36,17.37,14.9,14.84,17.79,15.08
query82.sql,tpcds,6,16.47,15.35,16.17,16.32,15.41,16.13
query83.sql,tpcds,6,14.68,16.35,14.92,15.01,16.81,14.29
query84.sql,tpcds,6,14.11,15.3,14.2,13.75,15.64,13.74
query85.sql,tpcds,6,18.13,17.92,17.28,18.06,18.3,17.36
query86.sql,tpcds,6,13.23,14.08,13.5,13.65,14.83,13.58
query87.sql,tpcds,6,19.66,25.32,20.76,19.58,27.17,20.83
query88.sql,tpcds,6,17.04,18.33,17.26,16.96,19.56,17.60
query89.sql,tpcds,6,14.51,15.39,15.06,14.68,15.99,15.19
query9.sql,tpcds,6,14.89,19.45,14.97,15.79,18.97,15.24
query90.sql,tpcds,6,12.6,12.53,13.07,13.06,14.57,12.94
query91.sql,tpcds,6,13.21,13.46,12.66,12.97,13.15,13.08
query92.sql,tpcds,6,14.57,14.62,14.42,14.76,15.91,14.38
query93.sql,tpcds,6,29.24,24.13,28.67,26.47,23.83,25.73
query94.sql,tpcds,6,19.34,18.76,21.17,19.23,19.33,19.74
query95.sql,tpcds,6,25.83,24.93,25.86,25.24,26.29,27.95
query96.sql,tpcds,6,12.1,12.07,11.81,11.87,12.76,11.97
query97.sql,tpcds,6,19.17,18.98,21.1,20.74,20.08,18.84
query98.sql,tpcds,6,15.01,15.36,14.79,14.51,15.93,14.84
query99.sql,tpcds,6,13.28,14.02,13.52,13.62,14.95,14.13
query1.sql,tpcds,7,15.89,17.45,15.4,15.69,17.29,15.99
query10.sql,tpcds,7,16.38,19.9,15.85,15.96,19.63,16.01
query11.sql,tpcds,7,28.2,44.11,29.4,28.53,43.39,28.64
query12.sql,tpcds,7,14.46,14.6,14.39,14.53,15.05,14.06
query13.sql,tpcds,7,14.82,14.29,14.55,13.41,14.73,14.01
query14.sql,tpcds,7,8.57,8.29,8.24,8.2,8.21,fail
query15.sql,tpcds,7,15.06,15.24,15.05,15.08,14.9,14.72
query16.sql,tpcds,7,15.8,21.92,15.77,15.89,21.84,15.31
query17.sql,tpcds,7,29.78,27.13,30.7,29.9,26.66,29.94
query18.sql,tpcds,7,15.52,15.94,16.21,15.62,16.54,16.18
query19.sql,tpcds,7,15.36,14.95,14.32,15.33,16.04,13.78
query2.sql,tpcds,7,15.04,16.23,14.67,14.8,17.17,15.21
query20.sql,tpcds,7,13.16,14.27,13.93,13.44,15.54,13.74
query21.sql,tpcds,7,13.63,13.55,14.26,13.44,14.66,13.31
query22.sql,tpcds,7,15.11,14.2,14.63,14.44,15.21,14.61
query23.sql,tpcds,7,7.82,8.31,8.39,8.13,8.32,fail
query24.sql,tpcds,7,8.44,8.33,8.67,8.3,8.37,fail
query25.sql,tpcds,7,29.44,26.37,29.27,30.2,28.81,29.58
query26.sql,tpcds,7,14.97,14.43,14.0,14.17,15.72,15.11
query27.sql,tpcds,7,15.09,15.29,15.18,15.13,16.23,15.09
query28.sql,tpcds,7,19.83,22.37,20.27,20.32,21.51,19.13
query29.sql,tpcds,7,29.4,29.19,28.17,29.7,27.51,29.11
query3.sql,tpcds,7,12.26,13.38,12.49,12.84,13.49,13.29
query30.sql,tpcds,7,8.56,8.55,8.16,8.48,8.25,fail
query31.sql,tpcds,7,20.8,23.09,19.11,19.9,23.23,19.52
query32.sql,tpcds,7,14.16,14.8,14.46,13.97,15.63,13.98
query33.sql,tpcds,7,16.16,16.88,17.17,15.99,18.52,15.90
query34.sql,tpcds,7,14.19,14.55,13.99,14.31,15.82,14.31
query35.sql,tpcds,7,17.28,20.62,17.22,17.4,21.2,16.98
query36.sql,tpcds,7,14.54,15.22,14.82,14.05,15.3,14.76
query37.sql,tpcds,7,15.45,15.48,15.55,15.44,15.39,15.54
query38.sql,tpcds,7,20.8,26.67,19.31,20.51,27.18,20.87
query39.sql,tpcds,7,8.46,8.34,8.04,8.43,8.43,fail
query4.sql,tpcds,7,37.6,60.06,39.35,39.39,59.93,38.57
query40.sql,tpcds,7,19.85,19.39,20.05,20.26,19.95,19.74
query41.sql,tpcds,7,10.33,12.38,10.63,10.3,12.21,10.66
query42.sql,tpcds,7,13.03,13.87,12.69,12.84,13.82,12.83
query43.sql,tpcds,7,12.69,13.79,13.42,13.39,14.22,12.93
query44.sql,tpcds,7,14.95,16.8,14.86,14.97,17.12,15.87
query45.sql,tpcds,7,14.12,14.23,14.09,13.84,15.56,13.59
query46.sql,tpcds,7,14.77,15.97,15.04,14.73,16.26,15.14
query47.sql,tpcds,7,18.37,32.52,18.43,18.99,34.26,19.12
query48.sql,tpcds,7,14.97,15.71,14.52,15.39,16.21,15.34
query49.sql,tpcds,7,20.98,22.5,20.46,20.38,23.11,20.67
query5.sql,tpcds,7,19.92,20.51,19.22,19.11,21.28,19.82
query50.sql,tpcds,7,22.75,19.72,25.59,23.52,20.98,22.00
query51.sql,tpcds,7,24.28,30.38,23.13,23.83,31.85,24.18
query52.sql,tpcds,7,12.54,12.76,13.56,13.53,13.82,12.62
query53.sql,tpcds,7,13.95,14.87,13.66,13.72,15.41,13.62
query54.sql,tpcds,7,18.09,19.62,18.65,18.44,20.93,18.87
query55.sql,tpcds,7,13.79,14.14,13.25,13.45,14.5,13.15
query56.sql,tpcds,7,16.2,16.97,15.96,15.77,18.54,16.42
query57.sql,tpcds,7,15.8,24.23,14.48,15.56,24.57,14.94
query58.sql,tpcds,7,16.78,16.28,15.69,16.99,18.28,16.48
query59.sql,tpcds,7,15.86,17.73,16.95,15.87,17.81,15.95
query6.sql,tpcds,7,20.49,18.98,23.7,23.6,19.92,21.52
query60.sql,tpcds,7,17.7,17.08,16.64,16.98,18.15,17.27
query61.sql,tpcds,7,10.29,13.57,10.56,10.64,14.34,10.48
query62.sql,tpcds,7,13.72,14.25,14.44,13.89,15.01,13.81
query63.sql,tpcds,7,14.02,14.82,13.81,14.22,16.37,14.17
query64.sql,tpcds,7,36.83,50.33,37.05,37.06,49.04,37.35
query65.sql,tpcds,7,18.45,19.49,18.06,18.04,20.13,18.46
query66.sql,tpcds,7,16.78,16.62,16.77,16.31,17.77,16.81
query67.sql,tpcds,7,8.34,8.1,7.91,7.96,8.19,fail
query68.sql,tpcds,7,15.29,15.92,14.46,15.2,16.85,14.59
query69.sql,tpcds,7,12.3,16.45,12.01,11.54,17.14,11.68
query7.sql,tpcds,7,15.87,15.85,15.83,14.74,16.31,15.39
query70.sql,tpcds,7,15.48,15.49,15.16,15.25,16.24,15.64
query71.sql,tpcds,7,14.49,15.23,15.16,14.86,16.58,15.28
query72.sql,tpcds,7,36.3,34.25,36.06,36.64,36.65,37.03
query73.sql,tpcds,7,14.0,14.87,13.88,13.88,14.99,14.06
query74.sql,tpcds,7,27.82,41.35,27.37,27.99,42.41,27.16
query75.sql,tpcds,7,25.02,39.65,24.7,26.51,42.03,24.73
query76.sql,tpcds,7,15.11,15.43,14.74,14.87,15.54,14.84
query77.sql,tpcds,7,16.6,36.67,17.16,16.3,35.95,17.44
query78.sql,tpcds,7,35.53,37.51,36.13,36.7,39.69,36.81
query79.sql,tpcds,7,14.77,14.88,14.5,14.54,15.96,15.13
query8.sql,tpcds,7,14.22,14.85,13.81,14.06,15.16,14.34
query80.sql,tpcds,7,36.36,33.23,37.45,35.73,33.81,34.13
query81.sql,tpcds,7,15.12,17.45,14.63,15.36,17.37,15.34
query82.sql,tpcds,7,16.11,15.61,15.95,16.55,15.63,16.54
query83.sql,tpcds,7,14.45,15.89,14.54,14.73,16.74,14.24
query84.sql,tpcds,7,13.47,15.01,13.83,13.9,15.42,13.82
query85.sql,tpcds,7,17.87,18.64,18.22,17.91,18.69,18.87
query86.sql,tpcds,7,13.64,14.47,13.49,14.17,14.78,13.91
query87.sql,tpcds,7,21.19,25.59,20.71,21.02,25.52,20.76
query88.sql,tpcds,7,17.73,18.3,17.27,17.95,18.53,17.66
query89.sql,tpcds,7,14.68,15.01,14.46,14.92,15.68,15.06
query9.sql,tpcds,7,14.7,19.75,14.59,14.88,19.17,15.26
query90.sql,tpcds,7,12.66,13.07,13.34,12.51,13.72,12.75
query91.sql,tpcds,7,12.37,13.34,12.26,13.12,14.35,13.06
query92.sql,tpcds,7,14.78,14.27,14.43,13.95,15.42,14.68
query93.sql,tpcds,7,30.08,23.85,26.67,27.55,25.2,25.15
query94.sql,tpcds,7,19.68,18.46,18.84,20.11,19.15,20.70
query95.sql,tpcds,7,25.86,26.08,26.62,25.11,27.3,26.65
query96.sql,tpcds,7,11.32,11.98,11.55,11.92,12.53,11.35
query97.sql,tpcds,7,19.09,18.84,19.53,19.96,20.13,20.73
query98.sql,tpcds,7,14.12,15.25,14.84,15.01,15.48,14.56
query99.sql,tpcds,7,13.85,14.51,13.67,13.95,14.81,14.17
query1.sql,tpcds,8,15.76,17.06,15.02,15.82,16.97,15.03
query10.sql,tpcds,8,16.27,18.9,15.87,15.82,20.15,16.04
query11.sql,tpcds,8,28.53,41.82,27.89,29.56,43.35,29.06
query12.sql,tpcds,8,13.67,15.02,14.21,14.42,15.21,14.47
query13.sql,tpcds,8,13.83,14.31,14.02,14.49,14.49,14.26
query14.sql,tpcds,8,8.6,8.37,8.2,8.5,8.42,fail
query15.sql,tpcds,8,13.69,14.67,14.8,13.81,16.02,14.24
query16.sql,tpcds,8,15.06,21.32,16.08,16.0,22.49,15.90
query17.sql,tpcds,8,29.81,27.31,30.05,30.14,28.52,30.20
query18.sql,tpcds,8,15.12,16.15,16.03,15.92,16.68,15.95
query19.sql,tpcds,8,13.65,13.94,14.14,14.23,15.55,15.88
query2.sql,tpcds,8,14.96,16.06,14.41,15.16,17.27,14.82
query20.sql,tpcds,8,13.53,13.9,13.83,13.89,14.16,13.61
query21.sql,tpcds,8,13.3,13.33,13.55,13.82,13.93,13.36
query22.sql,tpcds,8,14.78,13.78,15.2,13.87,15.4,14.65
query23.sql,tpcds,8,8.46,8.49,8.53,8.5,8.68,fail
query24.sql,tpcds,8,8.01,8.36,8.38,8.16,8.35,fail
query25.sql,tpcds,8,30.51,25.29,30.23,29.88,28.38,29.35
query26.sql,tpcds,8,14.09,13.8,14.02,14.38,15.47,14.71
query27.sql,tpcds,8,15.36,15.64,14.66,15.57,15.4,15.64
query28.sql,tpcds,8,20.5,22.74,19.07,19.63,21.82,20.41
query29.sql,tpcds,8,29.05,26.17,29.46,29.99,27.75,29.90
query3.sql,tpcds,8,12.76,13.9,12.84,12.94,13.84,13.21
query30.sql,tpcds,8,8.17,8.41,8.62,8.23,8.74,fail
query31.sql,tpcds,8,20.69,22.84,20.03,19.69,22.2,18.90
query32.sql,tpcds,8,13.0,14.56,14.23,13.96,14.86,13.62
query33.sql,tpcds,8,16.12,17.53,17.17,16.07,17.95,16.51
query34.sql,tpcds,8,14.18,14.96,14.4,14.06,15.2,13.56
query35.sql,tpcds,8,16.73,21.47,16.52,17.02,21.53,16.37
query36.sql,tpcds,8,14.75,14.96,14.14,14.77,16.08,14.60
query37.sql,tpcds,8,15.75,14.92,15.14,15.37,14.87,15.18
query38.sql,tpcds,8,19.8,25.95,19.38,20.85,27.43,19.08
query39.sql,tpcds,8,8.41,8.49,8.0,8.09,8.29,fail
query4.sql,tpcds,8,38.79,60.07,39.27,38.6,61.91,37.85
query40.sql,tpcds,8,19.8,18.75,19.88,19.6,19.99,19.89
query41.sql,tpcds,8,10.41,12.82,10.73,10.11,12.68,10.68
query42.sql,tpcds,8,12.45,12.36,12.8,12.68,13.38,12.70
query43.sql,tpcds,8,13.61,13.21,13.16,13.17,13.81,12.92
query44.sql,tpcds,8,14.53,17.04,15.26,15.07,17.32,14.71
query45.sql,tpcds,8,14.48,15.1,13.97,13.99,15.09,14.69
query46.sql,tpcds,8,15.46,15.27,15.16,14.97,16.31,14.87
query47.sql,tpcds,8,19.4,33.95,19.23,18.85,34.04,18.59
query48.sql,tpcds,8,15.12,14.86,14.84,14.61,16.79,14.85
query49.sql,tpcds,8,20.28,21.83,20.43,20.73,23.79,20.01
query5.sql,tpcds,8,19.12,21.05,20.93,19.44,21.05,19.54
query50.sql,tpcds,8,22.19,19.98,22.25,21.74,20.92,22.63
query51.sql,tpcds,8,23.64,30.47,22.4,23.09,31.07,23.78
query52.sql,tpcds,8,13.18,13.56,12.66,12.93,13.91,12.83
query53.sql,tpcds,8,14.03,14.28,13.3,13.73,15.21,13.98
query54.sql,tpcds,8,17.57,20.04,18.3,17.7,20.61,18.00
query55.sql,tpcds,8,13.34,14.83,13.66,13.51,15.37,13.98
query56.sql,tpcds,8,16.03,18.18,15.3,16.22,17.47,16.21
query57.sql,tpcds,8,14.84,24.05,15.2,15.18,25.31,15.57
query58.sql,tpcds,8,16.59,16.23,16.39,16.29,19.77,16.05
query59.sql,tpcds,8,15.78,17.37,15.94,16.63,19.26,16.12
query6.sql,tpcds,8,23.59,19.48,19.91,21.67,19.78,20.59
query60.sql,tpcds,8,16.77,19.5,15.75,16.46,19.51,16.27
query61.sql,tpcds,8,10.2,13.75,10.81,10.48,14.39,10.75
query62.sql,tpcds,8,14.52,14.28,14.37,14.6,15.66,14.34
query63.sql,tpcds,8,14.05,14.61,13.65,13.94,15.43,14.06
query64.sql,tpcds,8,36.7,50.92,36.82,38.06,51.97,37.75
query65.sql,tpcds,8,18.13,19.38,18.85,18.65,20.78,17.94
query66.sql,tpcds,8,16.82,16.53,15.89,15.88,17.17,16.09
query67.sql,tpcds,8,8.0,8.1,8.45,8.12,8.14,fail
query68.sql,tpcds,8,15.51,15.8,14.89,14.87,16.49,15.76
query69.sql,tpcds,8,11.84,16.37,11.74,12.01,17.62,11.92
query7.sql,tpcds,8,15.46,15.42,16.06,14.72,17.09,15.12
query70.sql,tpcds,8,15.22,16.0,15.39,15.67,17.3,16.16
query71.sql,tpcds,8,15.11,15.5,14.83,15.67,16.5,15.17
query72.sql,tpcds,8,36.67,34.57,35.56,36.64,35.88,35.43
query73.sql,tpcds,8,13.7,14.22,14.01,14.2,14.71,14.52
query74.sql,tpcds,8,26.79,41.44,27.66,27.46,42.02,27.86
query75.sql,tpcds,8,24.65,40.66,23.78,24.46,41.26,25.37
query76.sql,tpcds,8,15.26,15.62,15.53,14.69,15.75,14.57
query77.sql,tpcds,8,16.35,36.62,17.07,17.22,36.54,17.25
query78.sql,tpcds,8,35.57,37.28,37.49,37.73,38.43,36.86
query79.sql,tpcds,8,14.56,14.64,14.14,14.74,16.13,14.54
query8.sql,tpcds,8,14.21,14.58,13.92,14.79,15.65,14.31
query80.sql,tpcds,8,35.85,33.91,35.56,37.34,33.26,35.16
query81.sql,tpcds,8,14.46,16.48,14.8,14.98,18.13,15.53
query82.sql,tpcds,8,17.15,15.44,16.63,16.35,15.8,16.04
query83.sql,tpcds,8,15.19,15.23,14.83,14.36,15.99,14.58
query84.sql,tpcds,8,13.97,15.29,14.25,14.17,15.61,14.13
query85.sql,tpcds,8,17.47,17.48,17.09,17.92,18.92,17.80
query86.sql,tpcds,8,13.56,13.91,13.9,13.26,15.47,13.87
query87.sql,tpcds,8,19.31,26.2,20.44,20.41,26.75,19.87
query88.sql,tpcds,8,17.67,18.49,17.49,17.38,18.4,16.92
query89.sql,tpcds,8,14.39,15.44,14.16,14.79,15.65,14.85
query9.sql,tpcds,8,14.97,19.12,15.27,14.85,18.79,14.75
query90.sql,tpcds,8,12.56,12.92,13.04,12.72,13.73,12.81
query91.sql,tpcds,8,12.82,13.16,12.72,12.84,14.34,12.82
query92.sql,tpcds,8,14.72,14.82,13.97,14.73,15.5,13.97
query93.sql,tpcds,8,29.74,23.95,31.22,29.05,24.51,26.31
query94.sql,tpcds,8,20.66,18.94,19.25,19.49,19.26,21.73
query95.sql,tpcds,8,24.92,25.44,25.76,24.82,26.14,27.52
query96.sql,tpcds,8,11.41,12.13,11.97,12.0,12.49,11.58
query97.sql,tpcds,8,19.91,19.4,20.08,19.8,21.61,19.62
query98.sql,tpcds,8,14.54,15.84,14.62,13.77,15.27,14.78
query99.sql,tpcds,8,13.69,13.84,13.75,13.64,14.41,13.67
query1.sql,tpcds,9,15.73,16.15,15.78,15.66,18.03,14.67
query10.sql,tpcds,9,15.76,19.55,16.38,15.95,19.18,16.42
query11.sql,tpcds,9,28.62,42.27,28.35,28.57,44.33,28.57
query12.sql,tpcds,9,13.79,14.56,14.41,14.19,15.69,14.40
query13.sql,tpcds,9,14.64,15.27,14.91,13.94,14.95,14.79
query14.sql,tpcds,9,8.83,8.51,8.78,8.08,8.25,fail
query15.sql,tpcds,9,14.61,14.79,14.39,14.62,15.07,14.39
query16.sql,tpcds,9,16.22,22.01,15.56,16.04,21.72,16.21
query17.sql,tpcds,9,29.44,26.59,29.9,28.85,28.06,28.99
query18.sql,tpcds,9,15.51,15.55,15.6,15.89,16.19,15.70
query19.sql,tpcds,9,14.88,14.52,14.11,14.09,15.33,14.48
query2.sql,tpcds,9,14.84,16.09,14.85,14.96,16.49,14.73
query20.sql,tpcds,9,14.13,14.03,13.69,13.58,15.5,13.93
query21.sql,tpcds,9,13.72,14.03,12.97,12.69,14.84,13.63
query22.sql,tpcds,9,14.78,15.3,14.65,14.73,15.43,14.71
query23.sql,tpcds,9,8.36,8.62,8.01,8.48,8.44,fail
query24.sql,tpcds,9,8.35,8.29,8.04,8.15,8.43,fail
query25.sql,tpcds,9,29.75,26.51,29.77,29.96,27.45,30.37
query26.sql,tpcds,9,14.57,14.08,14.47,14.83,15.03,14.85
query27.sql,tpcds,9,15.29,16.03,15.3,14.83,16.23,15.06
query28.sql,tpcds,9,20.09,22.33,19.87,20.44,23.34,19.57
query29.sql,tpcds,9,30.19,27.29,29.49,29.71,28.64,29.63
query3.sql,tpcds,9,12.78,12.63,12.93,13.11,13.97,13.02
query30.sql,tpcds,9,8.7,8.44,8.8,8.52,8.3,fail
query31.sql,tpcds,9,19.49,21.57,18.86,19.5,23.64,19.79
query32.sql,tpcds,9,13.84,13.85,14.38,14.01,15.47,14.07
query33.sql,tpcds,9,16.21,17.43,16.53,16.54,16.88,16.27
query34.sql,tpcds,9,13.72,15.01,13.44,13.89,15.06,13.77
query35.sql,tpcds,9,16.81,21.93,17.15,16.9,22.22,16.82
query36.sql,tpcds,9,14.27,15.12,14.6,13.79,15.7,14.82
query37.sql,tpcds,9,15.31,15.02,15.42,15.1,15.82,15.47
query38.sql,tpcds,9,19.56,25.49,20.1,19.34,27.34,20.22
query39.sql,tpcds,9,8.31,8.58,8.3,7.92,8.26,fail
query4.sql,tpcds,9,37.46,60.65,37.89,38.49,60.54,39.10
query40.sql,tpcds,9,19.74,19.31,19.88,19.69,19.79,19.86
query41.sql,tpcds,9,10.2,12.53,10.48,10.49,12.18,10.61
query42.sql,tpcds,9,12.08,13.37,12.47,12.4,14.24,12.00
query43.sql,tpcds,9,13.22,13.49,13.33,13.23,14.76,12.78
query44.sql,tpcds,9,15.33,16.8,15.66,15.94,16.96,15.47
query45.sql,tpcds,9,14.47,14.21,13.6,13.42,15.74,13.87
query46.sql,tpcds,9,14.79,15.29,15.05,14.91,16.34,15.46
query47.sql,tpcds,9,18.53,32.8,18.46,19.17,33.36,19.26
query48.sql,tpcds,9,14.7,14.73,15.11,14.47,16.73,14.65
query49.sql,tpcds,9,20.11,20.04,20.85,20.88,21.37,20.19
query5.sql,tpcds,9,19.95,20.74,19.27,19.87,21.36,19.80
query50.sql,tpcds,9,21.7,20.36,23.47,21.26,20.55,25.08
query51.sql,tpcds,9,23.43,30.43,23.7,23.74,32.22,22.78
query52.sql,tpcds,9,12.87,13.32,13.3,13.24,14.4,13.33
query53.sql,tpcds,9,14.1,14.73,14.3,13.97,16.06,14.53
query54.sql,tpcds,9,18.55,19.36,18.87,18.64,19.95,17.80
query55.sql,tpcds,9,14.3,13.73,13.78,13.21,15.13,13.32
query56.sql,tpcds,9,15.77,16.47,15.65,15.72,17.36,15.73
query57.sql,tpcds,9,15.23,24.21,14.75,14.75,24.85,15.35
query58.sql,tpcds,9,17.55,17.9,16.89,17.28,17.88,17.21
query59.sql,tpcds,9,16.09,17.99,16.03,16.4,18.53,16.49
query6.sql,tpcds,9,23.04,18.63,24.03,24.48,19.81,22.43
query60.sql,tpcds,9,16.05,17.3,16.16,16.34,18.66,16.84
query61.sql,tpcds,9,10.23,14.05,10.19,10.67,15.26,10.41
query62.sql,tpcds,9,14.19,14.53,13.87,14.26,15.28,14.52
query63.sql,tpcds,9,14.53,15.16,13.44,14.29,15.25,13.97
query64.sql,tpcds,9,38.07,51.34,35.59,38.32,52.6,38.55
query65.sql,tpcds,9,18.17,19.21,18.16,17.84,20.53,18.79
query66.sql,tpcds,9,16.62,17.52,15.71,15.99,18.18,16.25
query67.sql,tpcds,9,8.16,8.17,8.06,8.24,8.05,fail
query68.sql,tpcds,9,15.0,15.7,14.73,14.78,16.16,15.17
query69.sql,tpcds,9,11.72,17.2,11.53,12.05,17.57,12.01
query7.sql,tpcds,9,15.41,14.98,15.39,15.15,16.66,15.69
query70.sql,tpcds,9,15.37,16.36,15.18,15.64,17.46,15.27
query71.sql,tpcds,9,15.14,15.64,15.34,15.25,15.83,14.87
query72.sql,tpcds,9,36.42,34.05,35.99,36.6,35.15,37.71
query73.sql,tpcds,9,14.33,14.13,13.8,14.99,15.4,14.18
query74.sql,tpcds,9,9.68,41.38,28.54,27.05,40.7,28.08
query75.sql,tpcds,9,25.44,42.09,24.63,25.17,41.61,25.82
query76.sql,tpcds,9,15.33,15.25,15.17,14.76,15.98,14.94
query77.sql,tpcds,9,17.05,36.61,17.28,16.97,35.65,17.73
query78.sql,tpcds,9,36.18,37.67,35.47,38.46,38.58,35.05
query79.sql,tpcds,9,15.02,14.6,14.39,14.52,16.76,14.35
query8.sql,tpcds,9,14.16,15.14,14.23,14.12,15.58,13.89
query80.sql,tpcds,9,36.45,32.37,35.13,35.41,34.62,34.04
query81.sql,tpcds,9,15.2,17.41,14.89,14.28,17.24,14.77
query82.sql,tpcds,9,16.29,15.14,15.3,16.59,15.54,16.30
query83.sql,tpcds,9,13.88,15.85,15.18,14.28,16.11,14.85
query84.sql,tpcds,9,13.9,14.5,13.83,13.98,15.36,14.21
query85.sql,tpcds,9,18.02,17.84,17.48,17.52,19.35,17.87
query86.sql,tpcds,9,13.63,14.26,13.65,13.45,15.18,13.27
query87.sql,tpcds,9,20.14,25.18,19.59,19.83,25.73,20.71
query88.sql,tpcds,9,16.43,17.48,16.99,16.79,19.37,17.23
query89.sql,tpcds,9,14.9,14.89,14.29,14.3,15.66,15.19
query9.sql,tpcds,9,15.05,18.38,14.77,19.93,18.35,15.24
query90.sql,tpcds,9,12.24,12.78,12.21,12.42,14.45,12.54
query91.sql,tpcds,9,12.98,12.49,12.95,12.79,13.53,12.99
query92.sql,tpcds,9,14.43,15.09,14.16,14.32,15.4,14.35
query93.sql,tpcds,9,31.13,24.27,28.71,30.13,24.8,29.10
query94.sql,tpcds,9,21.41,19.36,19.96,19.32,20.64,19.82
query95.sql,tpcds,9,24.8,26.01,25.81,26.56,26.52,25.31
query96.sql,tpcds,9,11.51,11.65,11.5,12.14,13.15,12.18
query97.sql,tpcds,9,19.48,19.6,19.71,19.94,19.85,19.25
query98.sql,tpcds,9,14.76,15.62,14.37,14.36,16.15,15.13
query99.sql,tpcds,9,14.1,14.56,13.96,13.83,14.77,14.01
